0
SECTION
2
HEADER
0
ENDSEC
0
SECTION
2
TABLES
0
TABLE
2
LTYPE
0
LTYPE
72
65
70
64
2
CONTINUOUS
3
______
73
0
40
0
0
ENDTAB
0
TABLE
2
LAYER
0
ENDTAB
0
ENDSEC
0
SECTION
2
ENTITIES
0
LINE
8
layer0
10
23.6575142
20
2.7803375
11
23.4805765
21
2.6741753
0
LINE
8
layer0
10
23.4805765
20
2.6741753
11
23.3122432
21
2.5779134
0
LINE
8
layer0
10
23.3122432
20
2.5779134
11
23.1489028
21
2.4889593
0
LINE
8
layer0
10
23.1489028
20
2.4889593
11
22.9923876
21
2.4079295
0
LINE
8
layer0
10
22.9923876
20
2.4079295
11
22.8408161
21
2.3334623
0
LINE
8
layer0
10
22.8408161
20
2.3334623
11
22.6995261
21
2.2676769
0
LINE
8
layer0
10
22.6995261
20
2.2676769
11
22.4366024
21
2.1550017
0
LINE
8
layer0
10
22.4366024
20
2.1550017
11
22.2031012
21
2.0663002
0
LINE
8
layer0
10
22.2031012
20
2.0663002
11
22.0093217
21
2.0004728
0
LINE
8
layer0
10
22.0093217
20
2.0004728
11
21.9601848
21
1.9792601
0
LINE
8
layer0
10
21.9601848
20
1.9792601
11
21.9215988
21
1.9570752
0
LINE
8
layer0
10
21.9215988
20
1.9570752
11
21.8935643
21
1.9343491
0
LINE
8
layer0
10
21.8935643
20
1.9343491
11
21.8760912
21
1.9115235
0
LINE
8
layer0
10
21.8760912
20
1.9115235
11
21.8691702
21
1.8890287
0
LINE
8
layer0
10
21.8691702
20
1.8890287
11
21.8775154
21
1.7832917
0
LINE
8
layer0
10
21.8775154
20
1.7832917
11
21.8988295
21
1.497921
0
LINE
8
layer0
10
21.8988295
20
1.497921
11
21.9165719
21
1.2123059
0
LINE
8
layer0
10
21.9165719
20
1.2123059
11
21.9227023
21
1.1064174
0
LINE
8
layer0
10
21.9227023
20
1.1064174
11
21.9326219
21
1.0850746
0
LINE
8
layer0
10
21.9326219
20
1.0850746
11
21.9530403
21
1.0648408
0
LINE
8
layer0
10
21.9530403
20
1.0648408
11
21.9839082
21
1.0461438
0
LINE
8
layer0
10
21.9839082
20
1.0461438
11
22.0251556
21
1.0294196
0
LINE
8
layer0
10
22.0251556
20
1.0294196
11
22.0767234
21
1.0150953
0
LINE
8
layer0
10
22.0767234
20
1.0150953
11
22.2776615
21
0.9762673
0
LINE
8
layer0
10
22.2776615
20
0.9762673
11
22.521066
21
0.9201871
0
LINE
8
layer0
10
22.521066
20
0.9201871
11
22.7968834
21
0.8443627
0
LINE
8
layer0
10
22.7968834
20
0.8443627
11
22.9458153
21
0.7984291
0
LINE
8
layer0
10
22.9458153
20
0.7984291
11
23.106115
21
0.7452945
0
LINE
8
layer0
10
23.106115
20
0.7452945
11
23.272206
21
0.6863315
0
LINE
8
layer0
10
23.272206
20
0.6863315
11
23.4461375
21
0.6204474
0
LINE
8
layer0
10
23.4461375
20
0.6204474
11
23.6260106
21
0.5480035
0
LINE
8
layer0
10
23.6260106
20
0.5480035
11
23.8157561
21
0.4669232
0
LINE
8
layer0
10
23.8157561
20
0.4669232
11
23.9969081
21
0.3850678
0
ARC
8
layer0
10
-0.0000026
20
0
40
24
50
359.0806789
51
360.9193211
0
LINE
8
layer0
10
23.9969081
20
-0.3850678
11
23.8157561
21
-0.4669232
0
LINE
8
layer0
10
23.8157561
20
-0.4669232
11
23.6260106
21
-0.5480035
0
LINE
8
layer0
10
23.6260106
20
-0.5480035
11
23.4461375
21
-0.6204474
0
LINE
8
layer0
10
23.4461375
20
-0.6204474
11
23.272206
21
-0.6863315
0
LINE
8
layer0
10
23.272206
20
-0.6863315
11
23.106115
21
-0.7452945
0
LINE
8
layer0
10
23.106115
20
-0.7452945
11
22.9458153
21
-0.7984291
0
LINE
8
layer0
10
22.9458153
20
-0.7984291
11
22.7968834
21
-0.8443627
0
LINE
8
layer0
10
22.7968834
20
-0.8443627
11
22.521066
21
-0.9201871
0
LINE
8
layer0
10
22.521066
20
-0.9201871
11
22.2776615
21
-0.9762673
0
LINE
8
layer0
10
22.2776615
20
-0.9762673
11
22.0767234
21
-1.0150953
0
LINE
8
layer0
10
22.0767234
20
-1.0150953
11
22.0251556
21
-1.0294196
0
LINE
8
layer0
10
22.0251556
20
-1.0294196
11
21.9839082
21
-1.0461438
0
LINE
8
layer0
10
21.9839082
20
-1.0461438
11
21.9530403
21
-1.0648408
0
LINE
8
layer0
10
21.9530403
20
-1.0648408
11
21.9326219
21
-1.0850746
0
LINE
8
layer0
10
21.9326219
20
-1.0850746
11
21.9227023
21
-1.1064174
0
LINE
8
layer0
10
21.9227023
20
-1.1064174
11
21.9165719
21
-1.2123059
0
LINE
8
layer0
10
21.9165719
20
-1.2123059
11
21.8988295
21
-1.497921
0
LINE
8
layer0
10
21.8988295
20
-1.497921
11
21.8775154
21
-1.7832917
0
LINE
8
layer0
10
21.8775154
20
-1.7832917
11
21.8691702
21
-1.8890287
0
LINE
8
layer0
10
21.8691702
20
-1.8890287
11
21.8760912
21
-1.9115235
0
LINE
8
layer0
10
21.8760912
20
-1.9115235
11
21.8935643
21
-1.9343491
0
LINE
8
layer0
10
21.8935643
20
-1.9343491
11
21.9215988
21
-1.9570752
0
LINE
8
layer0
10
21.9215988
20
-1.9570752
11
21.9601848
21
-1.9792601
0
LINE
8
layer0
10
21.9601848
20
-1.9792601
11
22.0093217
21
-2.0004728
0
LINE
8
layer0
10
22.0093217
20
-2.0004728
11
22.2031012
21
-2.0663002
0
LINE
8
layer0
10
22.2031012
20
-2.0663002
11
22.4366024
21
-2.1550017
0
LINE
8
layer0
10
22.4366024
20
-2.1550017
11
22.6995261
21
-2.2676769
0
LINE
8
layer0
10
22.6995261
20
-2.2676769
11
22.8408161
21
-2.3334623
0
LINE
8
layer0
10
22.8408161
20
-2.3334623
11
22.9923876
21
-2.4079295
0
LINE
8
layer0
10
22.9923876
20
-2.4079295
11
23.1489028
21
-2.4889593
0
LINE
8
layer0
10
23.1489028
20
-2.4889593
11
23.3122432
21
-2.5779134
0
LINE
8
layer0
10
23.3122432
20
-2.5779134
11
23.4805765
21
-2.6741753
0
LINE
8
layer0
10
23.4805765
20
-2.6741753
11
23.6575142
21
-2.7803375
0
LINE
8
layer0
10
23.6575142
20
-2.7803375
11
23.825833
21
-2.8860973
0
ARC
8
layer0
10
-0.0000025
20
9e-7
40
24
50
351.2545907
51
353.0932328
0
LINE
8
layer0
10
23.7209662
20
-3.6490598
11
23.5303555
21
-3.7054859
0
LINE
8
layer0
10
23.5303555
20
-3.7054859
11
23.3313369
21
-3.7599741
0
LINE
8
layer0
10
23.3313369
20
-3.7599741
11
23.1432747
21
-3.8072505
0
LINE
8
layer0
10
23.1432747
20
-3.8072505
11
22.9619919
21
-3.8488373
0
LINE
8
layer0
10
22.9619919
20
-3.8488373
11
22.7894191
21
-3.884635
0
LINE
8
layer0
10
22.7894191
20
-3.884635
11
22.6233773
21
-3.9154473
0
LINE
8
layer0
10
22.6233773
20
-3.9154473
11
22.469578
21
-3.9406735
0
LINE
8
layer0
10
22.469578
20
-3.9406735
11
22.1860048
21
-3.9782345
0
LINE
8
layer0
10
22.1860048
20
-3.9782345
11
21.9372311
21
-4.0006488
0
LINE
8
layer0
10
21.9372311
20
-4.0006488
11
21.7328775
21
-4.0117541
0
LINE
8
layer0
10
21.7328775
20
-4.0117541
11
21.6798395
21
-4.0189232
0
LINE
8
layer0
10
21.6798395
20
-4.0189232
11
21.636699
21
-4.029875
0
LINE
8
layer0
10
21.636699
20
-4.029875
11
21.6035727
21
-4.0441948
0
LINE
8
layer0
10
21.6035727
20
-4.0441948
11
21.5805893
21
-4.0614598
0
LINE
8
layer0
10
21.5805893
20
-4.0614598
11
21.5678559
21
-4.0812531
0
LINE
8
layer0
10
21.5678559
20
-4.0812531
11
21.5473641
21
-4.1853206
0
LINE
8
layer0
10
21.5473641
20
-4.1853206
11
21.4908957
21
-4.4658595
0
LINE
8
layer0
10
21.4908957
20
-4.4658595
11
21.4309222
21
-4.74567
0
LINE
8
layer0
10
21.4309222
20
-4.74567
11
21.4082569
21
-4.8492858
0
LINE
8
layer0
10
21.4082569
20
-4.8492858
11
21.4120504
21
-4.8725135
0
LINE
8
layer0
10
21.4120504
20
-4.8725135
11
21.4262526
21
-4.8975057
0
LINE
8
layer0
10
21.4262526
20
-4.8975057
11
21.4509314
21
-4.9238375
0
LINE
8
layer0
10
21.4509314
20
-4.9238375
11
21.4861372
21
-4.95107
0
LINE
8
layer0
10
21.4861372
20
-4.95107
11
21.531928
21
-4.9787759
0
LINE
8
layer0
10
21.531928
20
-4.9787759
11
21.7149392
21
-5.0703765
0
LINE
8
layer0
10
21.7149392
20
-5.0703765
11
21.9341873
21
-5.1900469
0
LINE
8
layer0
10
21.9341873
20
-5.1900469
11
22.1793195
21
-5.3374741
0
LINE
8
layer0
10
22.1793195
20
-5.3374741
11
22.3103358
21
-5.4218857
0
LINE
8
layer0
10
22.3103358
20
-5.4218857
11
22.4503556
21
-5.5162983
0
LINE
8
layer0
10
22.4503556
20
-5.5162983
11
22.5943795
21
-5.6178856
0
LINE
8
layer0
10
22.5943795
20
-5.6178856
11
22.7440859
21
-5.7282527
0
LINE
8
layer0
10
22.7440859
20
-5.7282527
11
22.8977436
21
-5.8465393
0
LINE
8
layer0
10
22.8977436
20
-5.8465393
11
23.0585776
21
-5.9758057
0
LINE
8
layer0
10
23.0585776
20
-5.9758057
11
23.2109277
21
-6.1034999
0
ARC
8
layer0
10
-0.0000025
20
6e-7
40
24
50
343.4285051
51
345.2671474
0
LINE
8
layer0
10
23.0031476
20
-6.8450768
11
22.8066289
21
-6.8750225
0
LINE
8
layer0
10
22.8066289
20
-6.8750225
11
22.6020445
21
-6.9019034
0
LINE
8
layer0
10
22.6020445
20
-6.9019034
11
22.4092964
21
-6.9231317
0
LINE
8
layer0
10
22.4092964
20
-6.9231317
11
22.2240394
21
-6.9396465
0
LINE
8
layer0
10
22.2240394
20
-6.9396465
11
22.0481995
21
-6.9516122
0
LINE
8
layer0
10
22.0481995
20
-6.9516122
11
21.8795086
21
-6.9595281
0
LINE
8
layer0
10
21.8795086
20
-6.9595281
11
21.7237068
21
-6.963577
0
LINE
8
layer0
10
21.7237068
20
-6.963577
11
21.4376603
21
-6.9621749
0
LINE
8
layer0
10
21.4376603
20
-6.9621749
11
21.1881517
21
-6.9505058
0
LINE
8
layer0
10
21.1881517
20
-6.9505058
11
20.9841892
21
-6.9336815
0
LINE
8
layer0
10
20.9841892
20
-6.9336815
11
20.930669
21
-6.9335618
0
LINE
8
layer0
10
20.930669
20
-6.9335618
11
20.886439
21
-6.9385374
0
LINE
8
layer0
10
20.886439
20
-6.9385374
11
20.8516714
21
-6.948213
0
LINE
8
layer0
10
20.8516714
20
-6.948213
11
20.8265512
21
-6.9621877
0
LINE
8
layer0
10
20.8265512
20
-6.9621877
11
20.8112412
21
-6.9800628
0
LINE
8
layer0
10
20.8112412
20
-6.9800628
11
20.7767697
21
-7.0803707
0
LINE
8
layer0
10
20.7767697
20
-7.0803707
11
20.6826272
21
-7.3506075
0
LINE
8
layer0
10
20.6826272
20
-7.3506075
11
20.5851114
21
-7.6196454
0
LINE
8
layer0
10
20.5851114
20
-7.6196454
11
20.5485482
21
-7.7192099
0
LINE
8
layer0
10
20.5485482
20
-7.7192099
11
20.5491436
21
-7.7427378
0
LINE
8
layer0
10
20.5491436
20
-7.7427378
11
20.5598104
21
-7.7694311
0
LINE
8
layer0
10
20.5598104
20
-7.7694311
11
20.5806739
21
-7.7988781
0
LINE
8
layer0
10
20.5806739
20
-7.7988781
11
20.6118436
21
-7.8306507
0
LINE
8
layer0
10
20.6118436
20
-7.8306507
11
20.6534353
21
-7.8643338
0
LINE
8
layer0
10
20.6534353
20
-7.8643338
11
20.8222689
21
-7.9800012
0
LINE
8
layer0
10
20.8222689
20
-7.9800012
11
21.0231798
21
-8.1284113
0
LINE
8
layer0
10
21.0231798
20
-8.1284113
11
21.2459542
21
-8.3078442
0
LINE
8
layer0
10
21.2459542
20
-8.3078442
11
21.3642561
21
-8.4093096
0
LINE
8
layer0
10
21.3642561
20
-8.4093096
11
21.4901159
21
-8.5219089
0
LINE
8
layer0
10
21.4901159
20
-8.5219089
11
21.6189655
21
-8.6421612
0
LINE
8
layer0
10
21.6189655
20
-8.6421612
11
21.7522492
21
-8.7718854
0
LINE
8
layer0
10
21.7522492
20
-8.7718854
11
21.8883691
21
-8.9099934
0
LINE
8
layer0
10
21.8883691
20
-8.9099934
11
22.0301033
21
-9.059956
0
LINE
8
layer0
10
22.0301033
20
-9.059956
11
22.1636468
21
-9.2072058
0
ARC
8
layer0
10
-0.000002
20
0.0000018
40
24
50
335.602416
51
337.4410583
0
LINE
8
layer0
10
21.8568239
20
-9.9135829
11
21.6580579
21
-9.9164904
0
LINE
8
layer0
10
21.6580579
20
-9.9164904
11
21.4517187
21
-9.9152634
0
LINE
8
layer0
10
21.4517187
20
-9.9152634
11
21.2578754
21
-9.9100481
0
LINE
8
layer0
10
21.2578754
20
-9.9100481
11
21.0720951
21
-9.9011832
0
LINE
8
layer0
10
21.0720951
20
-9.9011832
11
20.8962637
21
-9.8890939
0
LINE
8
layer0
10
20.8962637
20
-9.8890939
11
20.728066
21
-9.873966
0
LINE
8
layer0
10
20.728066
20
-9.873966
11
20.5731641
21
-9.8567623
0
LINE
8
layer0
10
20.5731641
20
-9.8567623
11
20.2899727
21
-9.8164232
0
LINE
8
layer0
10
20.2899727
20
-9.8164232
11
20.044377
21
-9.770888
0
LINE
8
layer0
10
20.044377
20
-9.770888
11
19.8446051
21
-9.7264475
0
LINE
8
layer0
10
19.8446051
20
-9.7264475
11
19.7915998
21
-9.7190413
0
LINE
8
layer0
10
19.7915998
20
-9.7190413
11
19.7471042
21
-9.7179479
0
LINE
8
layer0
10
19.7471042
20
-9.7179479
11
19.7113429
21
-9.7227992
0
LINE
8
layer0
10
19.7113429
20
-9.7227992
11
19.6845538
21
-9.7332232
0
LINE
8
layer0
10
19.6845538
20
-9.7332232
11
19.6669524
21
-9.748847
0
LINE
8
layer0
10
19.6669524
20
-9.748847
11
19.6191434
21
-9.8435268
0
LINE
8
layer0
10
19.6191434
20
-9.8435268
11
19.4890805
21
-10.0984276
0
LINE
8
layer0
10
19.4890805
20
-10.0984276
11
19.355839
21
-10.3516813
0
LINE
8
layer0
10
19.355839
20
-10.3516813
11
19.306059
21
-10.4453397
0
LINE
8
layer0
10
19.306059
20
-10.4453397
11
19.3034451
21
-10.4687295
0
LINE
8
layer0
10
19.3034451
20
-10.4687295
11
19.3103778
21
-10.4966267
0
LINE
8
layer0
10
19.3103778
20
-10.4966267
11
19.3270372
21
-10.5286403
0
LINE
8
layer0
10
19.3270372
20
-10.5286403
11
19.3535903
21
-10.5643613
0
LINE
8
layer0
10
19.3535903
20
-10.5643613
11
19.3902081
21
-10.603394
0
LINE
8
layer0
10
19.3902081
20
-10.603394
11
19.5417191
21
-10.7409737
0
LINE
8
layer0
10
19.5417191
20
-10.7409737
11
19.7205502
21
-10.9153588
0
LINE
8
layer0
10
19.7205502
20
-10.9153588
11
19.9168169
21
-11.1234548
0
LINE
8
layer0
10
19.9168169
20
-11.1234548
11
20.0202008
21
-11.240084
0
LINE
8
layer0
10
20.0202008
20
-11.240084
11
20.1295561
21
-11.3687724
0
LINE
8
layer0
10
20.1295561
20
-11.3687724
11
20.2408312
21
-11.5054498
0
LINE
8
layer0
10
20.2408312
20
-11.5054498
11
20.3552094
21
-11.6521144
0
LINE
8
layer0
10
20.3552094
20
-11.6521144
11
20.4712557
21
-11.8074711
0
LINE
8
layer0
10
20.4712557
20
-11.8074711
11
20.5912499
21
-11.9753364
0
LINE
8
layer0
10
20.5912499
20
-11.9753364
11
20.703499
21
-12.1393989
0
ARC
8
layer0
10
-0.0000021
20
0.0000014
40
24
50
327.7763308
51
329.6149731
0
LINE
8
layer0
10
20.3033489
20
-12.7974177
11
20.1060383
21
-12.7732328
0
LINE
8
layer0
10
20.1060383
20
-12.7732328
11
19.9017881
21
-12.7439207
0
LINE
8
layer0
10
19.9017881
20
-12.7439207
11
19.7104603
21
-12.7123591
0
LINE
8
layer0
10
19.7104603
20
-12.7123591
11
19.5276175
21
-12.6782797
0
LINE
8
layer0
10
19.5276175
20
-12.6782797
11
19.35507
21
-12.6423606
0
LINE
8
layer0
10
19.35507
20
-12.6423606
11
19.1904988
21
-12.6044707
0
LINE
8
layer0
10
19.1904988
20
-12.6044707
11
19.0393822
21
-12.5663347
0
LINE
8
layer0
10
19.0393822
20
-12.5663347
11
18.7643214
21
-12.4878101
0
LINE
8
layer0
10
18.7643214
20
-12.4878101
11
18.5272135
21
-12.4092571
0
LINE
8
layer0
10
18.5272135
20
-12.4092571
11
18.3353536
21
-12.3380283
0
LINE
8
layer0
10
18.3353536
20
-12.3380283
11
18.2838505
21
-12.3234734
0
LINE
8
layer0
10
18.2838505
20
-12.3234734
11
18.2399182
21
-12.3163314
0
LINE
8
layer0
10
18.2399182
20
-12.3163314
11
18.2038294
21
-12.3162681
0
LINE
8
layer0
10
18.2038294
20
-12.3162681
11
18.1758704
21
-12.3229471
0
LINE
8
layer0
10
18.1758704
20
-12.3229471
11
18.1563055
21
-12.3360288
0
LINE
8
layer0
10
18.1563055
20
-12.3360288
11
18.0960496
21
-12.4233167
0
LINE
8
layer0
10
18.0960496
20
-12.4233167
11
17.9324892
21
-12.6581331
0
LINE
8
layer0
10
17.9324892
20
-12.6581331
11
17.7660039
21
-12.8908849
0
LINE
8
layer0
10
17.7660039
20
-12.8908849
11
17.7039344
21
-12.9768926
0
LINE
8
layer0
10
17.7039344
20
-12.9768926
11
17.6981599
21
-12.9997086
0
LINE
8
layer0
10
17.6981599
20
-12.9997086
11
17.7012294
21
-13.02829
0
LINE
8
layer0
10
17.7012294
20
-13.02829
11
17.7133745
21
-13.0622739
0
LINE
8
layer0
10
17.7133745
20
-13.0622739
11
17.7348162
21
-13.1012778
0
LINE
8
layer0
10
17.7348162
20
-13.1012778
11
17.765778
21
-13.1449331
0
LINE
8
layer0
10
17.765778
20
-13.1449331
11
17.8971441
21
-13.3018621
0
LINE
8
layer0
10
17.8971441
20
-13.3018621
11
18.0505642
21
-13.4989738
0
LINE
8
layer0
10
18.0505642
20
-13.4989738
11
18.216667
21
-13.7318566
0
LINE
8
layer0
10
18.216667
20
-13.7318566
11
18.303207
21
-13.8614769
0
LINE
8
layer0
10
18.303207
20
-13.8614769
11
18.3940207
21
-14.0038572
0
LINE
8
layer0
10
18.3940207
20
-14.0038572
11
18.4856485
21
-14.1544135
0
LINE
8
layer0
10
18.4856485
20
-14.1544135
11
18.5789905
21
-14.3152867
0
LINE
8
layer0
10
18.5789905
20
-14.3152867
11
18.6728016
21
-14.484998
0
LINE
8
layer0
10
18.6728016
20
-14.484998
11
18.7688205
21
-14.667639
0
LINE
8
layer0
10
18.7688205
20
-14.667639
11
18.8576842
21
-14.845458
0
ARC
8
layer0
10
-0.0000021
20
0.0000014
40
24
50
319.9502446
51
321.7888868
0
LINE
8
layer0
10
18.3716609
20
-15.4428609
11
18.1794813
21
-15.3920341
0
LINE
8
layer0
10
18.1794813
20
-15.3920341
11
17.9811248
21
-15.335183
0
LINE
8
layer0
10
17.9811248
20
-15.335183
11
17.7958767
21
-15.2778628
0
LINE
8
layer0
10
17.7958767
20
-15.2778628
11
17.6193774
21
-15.2192037
0
LINE
8
layer0
10
17.6193774
20
-15.2192037
11
17.4533279
21
-15.160124
0
LINE
8
layer0
10
17.4533279
20
-15.160124
11
17.295449
21
-15.1001779
0
LINE
8
layer0
10
17.295449
20
-15.1001779
11
17.1509327
21
-15.04182
0
LINE
8
layer0
10
17.1509327
20
-15.04182
11
16.8891262
21
-14.9265728
0
LINE
8
layer0
10
16.8891262
20
-14.9265728
11
16.6649231
21
-14.8164652
0
LINE
8
layer0
10
16.6649231
20
-14.8164652
11
16.4845492
21
-14.7197749
0
LINE
8
layer0
10
16.4845492
20
-14.7197749
11
16.4355076
21
-14.6983426
0
LINE
8
layer0
10
16.4355076
20
-14.6983426
11
16.3929571
21
-14.6852849
0
LINE
8
layer0
10
16.3929571
20
-14.6852849
11
16.357213
21
-14.6803081
0
LINE
8
layer0
10
16.357213
20
-14.6803081
11
16.3286049
21
-14.6831179
0
LINE
8
layer0
10
16.3286049
20
-14.6831179
11
16.307441
21
-14.6934136
0
LINE
8
layer0
10
16.307441
20
-14.6934136
11
16.2358606
21
-14.7716837
0
LINE
8
layer0
10
16.2358606
20
-14.7716837
11
16.0418494
21
-14.9820415
0
LINE
8
layer0
10
16.0418494
20
-14.9820415
11
15.8452218
21
-15.1899557
0
LINE
8
layer0
10
15.8452218
20
-15.1899557
11
15.772019
21
-15.2667106
0
LINE
8
layer0
10
15.772019
20
-15.2667106
11
15.7631916
21
-15.2885278
0
LINE
8
layer0
10
15.7631916
20
-15.2885278
11
15.7623406
21
-15.3172609
0
LINE
8
layer0
10
15.7623406
20
-15.3172609
11
15.7697451
21
-15.352582
0
LINE
8
layer0
10
15.7697451
20
-15.352582
11
15.7856761
21
-15.3941423
0
LINE
8
layer0
10
15.7856761
20
-15.3941423
11
15.8104051
21
-15.4416069
0
LINE
8
layer0
10
15.8104051
20
-15.4416069
11
15.9191792
21
-15.6149619
0
LINE
8
layer0
10
15.9191792
20
-15.6149619
11
16.0443302
21
-15.8311284
0
LINE
8
layer0
10
16.0443302
20
-15.8311284
11
16.1771751
21
-16.0844598
0
LINE
8
layer0
10
16.1771751
20
-16.0844598
11
16.2452591
21
-16.2246567
0
LINE
8
layer0
10
16.2452591
20
-16.2246567
11
16.3158394
21
-16.3780767
0
LINE
8
layer0
10
16.3158394
20
-16.3780767
11
16.3861131
21
-16.5397074
0
LINE
8
layer0
10
16.3861131
20
-16.5397074
11
16.4566802
21
-16.7117922
0
LINE
8
layer0
10
16.4566802
20
-16.7117922
11
16.5265085
21
-16.8926967
0
LINE
8
layer0
10
16.5265085
20
-16.8926967
11
16.5967634
21
-17.0867112
0
LINE
8
layer0
10
16.5967634
20
-17.0867112
11
16.6605865
21
-17.2749743
0
ARC
8
layer0
10
-0.000002
20
0.0000015
40
24
50
312.1241581
51
313.9628004
0
LINE
8
layer0
10
16.0977437
20
-17.8006327
11
15.9142749
21
-17.7241109
0
LINE
8
layer0
10
15.9142749
20
-17.7241109
11
15.7255071
21
-17.6407798
0
LINE
8
layer0
10
15.7255071
20
-17.6407798
11
15.5497896
21
-17.5587689
0
LINE
8
layer0
10
15.5497896
20
-17.5587689
11
15.3829216
21
-17.4766228
0
LINE
8
layer0
10
15.3829216
20
-17.4766228
11
15.2264634
21
-17.3954829
0
LINE
8
layer0
10
15.2264634
20
-17.3954829
11
15.0782176
21
-17.3145973
0
LINE
8
layer0
10
15.0782176
20
-17.3145973
11
14.9429938
21
-17.2371047
0
LINE
8
layer0
10
14.9429938
20
-17.2371047
11
14.6993186
21
-17.0872816
0
LINE
8
layer0
10
14.6993186
20
-17.0872816
11
14.4921967
21
-16.9476706
0
LINE
8
layer0
10
14.4921967
20
-16.9476706
11
14.3266688
21
-16.8273199
0
LINE
8
layer0
10
14.3266688
20
-16.8273199
11
14.2810024
21
-16.7994094
0
LINE
8
layer0
10
14.2810024
20
-16.7994094
11
14.2406262
21
-16.7806794
0
LINE
8
layer0
10
14.2406262
20
-16.7806794
11
14.2058927
21
-16.7708818
0
LINE
8
layer0
10
14.2058927
20
-16.7708818
11
14.1771685
21
-16.76977
0
LINE
8
layer0
10
14.1771685
20
-16.76977
11
14.1547997
21
-16.777088
0
LINE
8
layer0
10
14.1547997
20
-16.777088
11
14.0732283
21
-16.8448822
0
LINE
8
layer0
10
14.0732283
20
-16.8448822
11
13.8523804
21
-17.0268628
0
LINE
8
layer0
10
13.8523804
20
-17.0268628
11
13.6292732
21
-17.2060664
0
LINE
8
layer0
10
13.6292732
20
-17.2060664
11
13.5463007
21
-17.2721386
0
LINE
8
layer0
10
13.5463007
20
-17.2721386
11
13.5345847
21
-17.2925506
0
LINE
8
layer0
10
13.5345847
20
-17.2925506
11
13.5298293
21
-17.3209002
0
LINE
8
layer0
10
13.5298293
20
-17.3209002
11
13.5323552
21
-17.3569006
0
LINE
8
layer0
10
13.5323552
20
-17.3569006
11
13.5424787
21
-17.400243
0
LINE
8
layer0
10
13.5424787
20
-17.400243
11
13.5605143
21
-17.4506329
0
LINE
8
layer0
10
13.5605143
20
-17.4506329
11
13.64467
21
-17.6371846
0
LINE
8
layer0
10
13.64467
20
-17.6371846
11
13.7392207
21
-17.8683791
0
LINE
8
layer0
10
13.7392207
20
-17.8683791
11
13.836333
21
-18.13744
0
LINE
8
layer0
10
13.836333
20
-18.13744
11
13.8846927
21
-18.2856019
0
LINE
8
layer0
10
13.8846927
20
-18.2856019
11
13.933725
21
-18.4472036
0
LINE
8
layer0
10
13.933725
20
-18.4472036
11
13.9813354
21
-18.6168977
0
LINE
8
layer0
10
13.9813354
20
-18.6168977
11
14.027813
21
-18.7969887
0
LINE
8
layer0
10
14.027813
20
-18.7969887
11
14.0723578
21
-18.9857165
0
LINE
8
layer0
10
14.0723578
20
-18.9857165
11
14.1155401
21
-19.1874903
0
LINE
8
layer0
10
14.1155401
20
-19.1874903
11
14.1531335
21
-19.3826904
0
ARC
8
layer0
10
-5e-7
20
0.0000028
40
24
50
304.2980674
51
306.1367096
0
LINE
8
layer0
10
13.5239559
20
-19.8268125
11
13.3526157
21
-19.7260211
0
LINE
8
layer0
10
13.3526157
20
-19.7260211
11
13.176953
21
-19.6177622
0
LINE
8
layer0
10
13.176953
20
-19.6177622
11
13.0140393
21
-19.5125883
0
LINE
8
layer0
10
13.0140393
20
-19.5125883
11
12.8599111
21
-19.4084855
0
LINE
8
layer0
10
12.8599111
20
-19.4084855
11
12.7159587
21
-19.306797
0
LINE
8
layer0
10
12.7159587
20
-19.306797
11
12.5801076
21
-19.2064786
0
LINE
8
layer0
10
12.5801076
20
-19.2064786
11
12.4566951
21
-19.1112948
0
LINE
8
layer0
10
12.4566951
20
-19.1112948
11
12.2356905
21
-18.9296867
0
LINE
8
layer0
10
12.2356905
20
-18.9296867
11
12.049508
21
-18.7631729
0
LINE
8
layer0
10
12.049508
20
-18.7631729
11
11.9019097
21
-18.6214038
0
LINE
8
layer0
10
11.9019097
20
-18.6214038
11
11.860469
21
-18.5875351
0
LINE
8
layer0
10
11.860469
20
-18.5875351
11
11.8230193
21
-18.5634816
0
LINE
8
layer0
10
11.8230193
20
-18.5634816
11
11.7899434
21
-18.5490457
0
LINE
8
layer0
10
11.7899434
20
-18.5490457
11
11.7616382
21
-18.5440329
0
LINE
8
layer0
10
11.7616382
20
-18.5440329
11
11.7384813
21
-18.5482369
0
LINE
8
layer0
10
11.7384813
20
-18.5482369
11
11.6484383
21
-18.6042924
0
LINE
8
layer0
10
11.6484383
20
-18.6042924
11
11.4048677
21
-18.7545059
0
LINE
8
layer0
10
11.4048677
20
-18.7545059
11
11.159437
21
-18.9016607
0
LINE
8
layer0
10
11.159437
20
-18.9016607
11
11.0682405
21
-18.9558193
0
LINE
8
layer0
10
11.0682405
20
-18.9558193
11
11.0538542
21
-18.9744459
0
LINE
8
layer0
10
11.0538542
20
-18.9744459
11
11.0452828
21
-19.0018839
0
LINE
8
layer0
10
11.0452828
20
-19.0018839
11
11.0428831
21
-19.037893
0
LINE
8
layer0
10
11.0428831
20
-19.037893
11
11.0470105
21
-19.0822102
0
LINE
8
layer0
10
11.0470105
20
-19.0822102
11
11.0580167
21
-19.1345865
0
LINE
8
layer0
10
11.0580167
20
-19.1345865
11
11.1159865
21
-19.3308599
0
LINE
8
layer0
10
11.1159865
20
-19.3308599
11
11.1781756
21
-19.5727757
0
LINE
8
layer0
10
11.1781756
20
-19.5727757
11
11.2377462
21
-19.8525541
0
LINE
8
layer0
10
11.2377462
20
-19.8525541
11
11.2654808
21
-20.0059209
0
LINE
8
layer0
10
11.2654808
20
-20.0059209
11
11.2920516
21
-20.172694
0
LINE
8
layer0
10
11.2920516
20
-20.172694
11
11.3161119
21
-20.3472906
0
LINE
8
layer0
10
11.3161119
20
-20.3472906
11
11.3376342
21
-20.5320328
0
LINE
8
layer0
10
11.3376342
20
-20.5320328
11
11.3560657
21
-20.7250683
0
LINE
8
layer0
10
11.3560657
20
-20.7250683
11
11.3713709
21
-20.9308427
0
LINE
8
layer0
10
11.3713709
20
-20.9308427
11
11.3820344
21
-21.1293438
0
ARC
8
layer0
10
-0.0000023
20
0.0000017
40
24
50
296.4719861
51
298.3106283
0
LINE
8
layer0
10
10.6982424
20
-21.4836562
11
10.5422225
21
-21.3604728
0
LINE
8
layer0
10
10.5422225
20
-21.3604728
11
10.3829372
21
-21.2293028
0
LINE
8
layer0
10
10.3829372
20
-21.2293028
11
10.2358621
21
-21.1029251
0
LINE
8
layer0
10
10.2358621
20
-21.1029251
11
10.0973447
21
-20.9788048
0
LINE
8
layer0
10
10.0973447
20
-20.9788048
11
9.9685797
21
-20.8584619
0
LINE
8
layer0
10
9.9685797
20
-20.8584619
11
9.8476539
21
-20.7405795
0
LINE
8
layer0
10
9.8476539
20
-20.7405795
11
9.7383518
21
-20.6294776
0
LINE
8
layer0
10
9.7383518
20
-20.6294776
11
9.5441346
21
-20.4194675
0
LINE
8
layer0
10
9.5441346
20
-20.4194675
11
9.3823599
21
-20.2291528
0
LINE
8
layer0
10
9.3823599
20
-20.2291528
11
9.2554405
21
-20.0686062
0
LINE
8
layer0
10
9.2554405
20
-20.0686062
11
9.2189976
21
-20.0294101
0
LINE
8
layer0
10
9.2189976
20
-20.0294101
11
9.185172
21
-20.0004813
0
LINE
8
layer0
10
9.185172
20
-20.0004813
11
9.1543699
21
-19.981676
0
LINE
8
layer0
10
9.1543699
20
-19.981676
11
9.1270108
21
-19.9728557
0
LINE
8
layer0
10
9.1270108
20
-19.9728557
11
9.1034972
21
-19.9738673
0
LINE
8
layer0
10
9.1034972
20
-19.9738673
11
9.00666
21
-20.0171398
0
LINE
8
layer0
10
9.00666
20
-20.0171398
11
8.7449039
21
-20.1327881
0
LINE
8
layer0
10
8.7449039
20
-20.1327881
11
8.4817216
21
-20.2451527
0
LINE
8
layer0
10
8.4817216
20
-20.2451527
11
8.3839999
21
-20.286389
0
LINE
8
layer0
10
8.3839999
20
-20.286389
11
8.3672113
21
-20.3028832
0
LINE
8
layer0
10
8.3672113
20
-20.3028832
11
8.3549835
21
-20.3288985
0
LINE
8
layer0
10
8.3549835
20
-20.3288985
11
8.347703
21
-20.3642454
0
LINE
8
layer0
10
8.347703
20
-20.3642454
11
8.3457574
21
-20.4087118
0
LINE
8
layer0
10
8.3457574
20
-20.4087118
11
8.3495292
21
-20.462099
0
LINE
8
layer0
10
8.3495292
20
-20.462099
11
8.3802332
21
-20.6644379
0
LINE
8
layer0
10
8.3802332
20
-20.6644379
11
8.4089022
21
-20.9125685
0
LINE
8
layer0
10
8.4089022
20
-20.9125685
11
8.4298215
21
-21.1978525
0
LINE
8
layer0
10
8.4298215
20
-21.1978525
11
8.4364143
21
-21.3535674
0
LINE
8
layer0
10
8.4364143
20
-21.3535674
11
8.4400287
21
-21.5224053
0
LINE
8
layer0
10
8.4400287
20
-21.5224053
11
8.4400907
21
-21.6986518
0
LINE
8
layer0
10
8.4400907
20
-21.6986518
11
8.4362568
21
-21.884604
0
LINE
8
layer0
10
8.4362568
20
-21.884604
11
8.4282316
21
-22.0783513
0
LINE
8
layer0
10
8.4282316
20
-22.0783513
11
8.4153746
21
-22.2842932
0
LINE
8
layer0
10
8.4153746
20
-22.2842932
11
8.3989096
21
-22.4823974
0
ARC
8
layer0
10
-4e-7
20
0.0000026
40
24
50
288.645895
51
290.4845373
0
LINE
8
layer0
10
7.673241
20
-22.7403001
11
7.5354477
21
-22.5970193
0
LINE
8
layer0
10
7.5354477
20
-22.5970193
11
7.395507
21
-22.4453817
0
LINE
8
layer0
10
7.395507
20
-22.4453817
11
7.2670101
21
-22.3001544
0
LINE
8
layer0
10
7.2670101
20
-22.3001544
11
7.146684
21
-22.1583287
0
LINE
8
layer0
10
7.146684
20
-22.1583287
11
7.0355049
21
-22.0215732
0
LINE
8
layer0
10
7.0355049
20
-22.0215732
11
6.9317571
21
-21.8883227
0
LINE
8
layer0
10
6.9317571
20
-21.8883227
11
6.8386015
21
-21.7633723
0
LINE
8
layer0
10
6.8386015
20
-21.7633723
11
6.6747895
21
-21.5288723
0
LINE
8
layer0
10
6.6747895
20
-21.5288723
11
6.5404361
21
-21.3183019
0
LINE
8
layer0
10
6.5404361
20
-21.3183019
11
6.4365599
21
-21.1419685
0
LINE
8
layer0
10
6.4365599
20
-21.1419685
11
6.4057937
21
-21.0981751
0
LINE
8
layer0
10
6.4057937
20
-21.0981751
11
6.3762223
21
-21.0649098
0
LINE
8
layer0
10
6.3762223
20
-21.0649098
11
6.3482677
21
-21.0420855
0
LINE
8
layer0
10
6.3482677
20
-21.0420855
11
6.3223645
21
-21.0296219
0
LINE
8
layer0
10
6.3223645
20
-21.0296219
11
6.2989321
21
-21.0274223
0
LINE
8
layer0
10
6.2989321
20
-21.0274223
11
6.1971046
21
-21.0571058
0
LINE
8
layer0
10
6.1971046
20
-21.0571058
11
5.9220391
21
-21.1360345
0
LINE
8
layer0
10
5.9220391
20
-21.1360345
11
5.6460078
21
-21.2115159
0
LINE
8
layer0
10
5.6460078
20
-21.2115159
11
5.5435813
21
-21.2390617
0
LINE
8
layer0
10
5.5435813
20
-21.2390617
11
5.5247031
21
-21.2531161
0
LINE
8
layer0
10
5.5247031
20
-21.2531161
11
5.5090468
21
-21.2772242
0
LINE
8
layer0
10
5.5090468
20
-21.2772242
11
5.497021
21
-21.3112505
0
LINE
8
layer0
10
5.497021
20
-21.3112505
11
5.4890387
21
-21.3550378
0
LINE
8
layer0
10
5.4890387
20
-21.3550378
11
5.4855058
21
-21.4084413
0
LINE
8
layer0
10
5.4855058
20
-21.4084413
11
5.488372
21
-21.6130765
0
LINE
8
layer0
10
5.488372
20
-21.6130765
11
5.4829868
21
-21.8627998
0
LINE
8
layer0
10
5.4829868
20
-21.8627998
11
5.4648651
21
-22.1482752
0
LINE
8
layer0
10
5.4648651
20
-22.1482752
11
5.4501933
21
-22.3034374
0
LINE
8
layer0
10
5.4501933
20
-22.3034374
11
5.430784
21
-22.4711949
0
LINE
8
layer0
10
5.430784
20
-22.4711949
11
5.4068465
21
-22.6458083
0
LINE
8
layer0
10
5.4068465
20
-22.6458083
11
5.3777279
21
-22.8295064
0
LINE
8
layer0
10
5.3777279
20
-22.8295064
11
5.3433954
21
-23.0203564
0
LINE
8
layer0
10
5.3433954
20
-23.0203564
11
5.3026158
21
-23.2226295
0
LINE
8
layer0
10
5.3026158
20
-23.2226295
11
5.259329
21
-23.4166465
0
ARC
8
layer0
10
0
20
0.0000027
40
24
50
280.8198081
51
282.6584502
0
LINE
8
layer0
10
4.5053015
20
-23.5733353
11
4.3883017
21
-23.4126261
0
LINE
8
layer0
10
4.3883017
20
-23.4126261
11
4.2703124
21
-23.2433456
0
LINE
8
layer0
10
4.2703124
20
-23.2433456
11
4.1627875
21
-23.0819739
0
LINE
8
layer0
10
4.1627875
20
-23.0819739
11
4.062894
21
-22.9250848
0
LINE
8
layer0
10
4.062894
20
-22.9250848
11
3.971372
21
-22.7744642
0
LINE
8
layer0
10
3.971372
20
-22.7744642
11
3.8867348
21
-22.6283278
0
LINE
8
layer0
10
3.8867348
20
-22.6283278
11
3.8114609
21
-22.4918565
0
LINE
8
layer0
10
3.8114609
20
-22.4918565
11
3.6811058
21
-22.237235
0
LINE
8
layer0
10
3.6811058
20
-22.237235
11
3.5766764
21
-22.0103314
0
LINE
8
layer0
10
3.5766764
20
-22.0103314
11
3.4977785
21
-21.8214958
0
LINE
8
layer0
10
3.4977785
20
-21.8214958
11
3.473262
21
-21.773921
0
LINE
8
layer0
10
3.473262
20
-21.773921
11
3.4484956
21
-21.7369389
0
LINE
8
layer0
10
3.4484956
20
-21.7369389
11
3.4239093
21
-21.7105207
0
LINE
8
layer0
10
3.4239093
20
-21.7105207
11
3.3999445
21
-21.6946461
0
LINE
8
layer0
10
3.3999445
20
-21.6946461
11
3.3770299
21
-21.6892762
0
LINE
8
layer0
10
3.3770299
20
-21.6892762
11
3.2721089
21
-21.7048177
0
LINE
8
layer0
10
3.2721089
20
-21.7048177
11
2.9888579
21
-21.7455565
0
LINE
8
layer0
10
2.9888579
20
-21.7455565
11
2.7051195
21
-21.7827486
0
LINE
8
layer0
10
2.7051195
20
-21.7827486
11
2.5998962
21
-21.7960908
0
LINE
8
layer0
10
2.5998962
20
-21.7960908
11
2.5792801
21
-21.8074438
0
LINE
8
layer0
10
2.5792801
20
-21.8074438
11
2.5604869
21
-21.8291954
0
LINE
8
layer0
10
2.5604869
20
-21.8291954
11
2.5439399
21
-21.8612673
0
LINE
8
layer0
10
2.5439399
20
-21.8612673
11
2.5300696
21
-21.9035598
0
LINE
8
layer0
10
2.5300696
20
-21.9035598
11
2.5192978
21
-21.9559849
0
LINE
8
layer0
10
2.5192978
20
-21.9559849
11
2.4942728
21
-22.1591043
0
LINE
8
layer0
10
2.4942728
20
-22.1591043
11
2.4549338
21
-22.4057684
0
LINE
8
layer0
10
2.4549338
20
-22.4057684
11
2.3981087
21
-22.6861173
0
LINE
8
layer0
10
2.3981087
20
-22.6861173
11
2.3624456
21
-22.8378365
0
LINE
8
layer0
10
2.3624456
20
-22.8378365
11
2.3203741
21
-23.0013886
0
LINE
8
layer0
10
2.3203741
20
-23.0013886
11
2.272883
21
-23.1711162
0
LINE
8
layer0
10
2.272883
20
-23.1711162
11
2.219022
21
-23.3491383
0
LINE
8
layer0
10
2.219022
20
-23.3491383
11
2.159022
21
-23.5335358
0
LINE
8
layer0
10
2.159022
20
-23.5335358
11
2.0910793
21
-23.7283721
0
LINE
8
layer0
10
2.0910793
20
-23.7283721
11
2.021777
21
-23.9146878
0
ARC
8
layer0
10
1e-7
20
0.0000026
40
24
50
272.9937217
51
274.8323638
0
LINE
8
layer0
10
1.2534368
20
-23.9672437
11
1.15941
21
-23.7921
0
LINE
8
layer0
10
1.15941
20
-23.7921
11
1.06557
21
-23.60833
0
LINE
8
layer0
10
1.06557
20
-23.60833
11
0.98102
21
-23.43382
0
LINE
8
layer0
10
0.98102
20
-23.43382
11
0.90342
21
-23.26479
0
LINE
8
layer0
10
0.90342
20
-23.26479
11
0.83326
21
-23.10311
0
LINE
8
layer0
10
0.83326
20
-23.10311
11
0.76931
21
-22.94681
0
LINE
8
layer0
10
0.76931
20
-22.94681
11
0.71332
21
-22.80136
0
LINE
8
layer0
10
0.71332
20
-22.80136
11
0.61885
21
-22.53136
0
LINE
8
layer0
10
0.61885
20
-22.53136
11
0.54629
21
-22.29235
0
LINE
8
layer0
10
0.54629
20
-22.29235
11
0.49384
21
-22.09453
0
LINE
8
layer0
10
0.49384
20
-22.09453
11
0.47603
21
-22.04406
0
LINE
8
layer0
10
0.47603
20
-22.04406
11
0.45653
21
-22.00405
0
LINE
8
layer0
10
0.45653
20
-22.00405
11
0.43577
21
-21.97453
0
LINE
8
layer0
10
0.43577
20
-21.97453
11
0.41419
21
-21.95554
0
LINE
8
layer0
10
0.41419
20
-21.95554
11
0.39222
21
-21.9471
0
LINE
8
layer0
10
0.39222
20
-21.9471
11
0.28616
21
-21.94821
0
LINE
8
layer0
10
0.28616
20
-21.94821
11
0
21
-21.95
0
LINE
8
layer0
10
0
20
-21.95
11
-0.28616
21
-21.94821
0
LINE
8
layer0
10
-0.28616
20
-21.94821
11
-0.39222
21
-21.9471
0
LINE
8
layer0
10
-0.39222
20
-21.9471
11
-0.41419
21
-21.95554
0
LINE
8
layer0
10
-0.41419
20
-21.95554
11
-0.43577
21
-21.97453
0
LINE
8
layer0
10
-0.43577
20
-21.97453
11
-0.45653
21
-22.00405
0
LINE
8
layer0
10
-0.45653
20
-22.00405
11
-0.47603
21
-22.04406
0
LINE
8
layer0
10
-0.47603
20
-22.04406
11
-0.49384
21
-22.09453
0
LINE
8
layer0
10
-0.49384
20
-22.09453
11
-0.54629
21
-22.29235
0
LINE
8
layer0
10
-0.54629
20
-22.29235
11
-0.61885
21
-22.53136
0
LINE
8
layer0
10
-0.61885
20
-22.53136
11
-0.71332
21
-22.80136
0
LINE
8
layer0
10
-0.71332
20
-22.80136
11
-0.76931
21
-22.94681
0
LINE
8
layer0
10
-0.76931
20
-22.94681
11
-0.83326
21
-23.10311
0
LINE
8
layer0
10
-0.83326
20
-23.10311
11
-0.90342
21
-23.26479
0
LINE
8
layer0
10
-0.90342
20
-23.26479
11
-0.98102
21
-23.43382
0
LINE
8
layer0
10
-0.98102
20
-23.43382
11
-1.06557
21
-23.60833
0
LINE
8
layer0
10
-1.06557
20
-23.60833
11
-1.15941
21
-23.7921
0
LINE
8
layer0
10
-1.15941
20
-23.7921
11
-1.2534368
21
-23.9672437
0
ARC
8
layer0
10
-1e-7
20
0.0000026
40
24
50
265.1676362
51
267.0062783
0
LINE
8
layer0
10
-2.021777
20
-23.9146878
11
-2.0910793
21
-23.7283721
0
LINE
8
layer0
10
-2.0910793
20
-23.7283721
11
-2.159022
21
-23.5335358
0
LINE
8
layer0
10
-2.159022
20
-23.5335358
11
-2.219022
21
-23.3491383
0
LINE
8
layer0
10
-2.219022
20
-23.3491383
11
-2.272883
21
-23.1711162
0
LINE
8
layer0
10
-2.272883
20
-23.1711162
11
-2.3203741
21
-23.0013886
0
LINE
8
layer0
10
-2.3203741
20
-23.0013886
11
-2.3624456
21
-22.8378365
0
LINE
8
layer0
10
-2.3624456
20
-22.8378365
11
-2.3981087
21
-22.6861173
0
LINE
8
layer0
10
-2.3981087
20
-22.6861173
11
-2.4549338
21
-22.4057684
0
LINE
8
layer0
10
-2.4549338
20
-22.4057684
11
-2.4942728
21
-22.1591043
0
LINE
8
layer0
10
-2.4942728
20
-22.1591043
11
-2.5192978
21
-21.9559849
0
LINE
8
layer0
10
-2.5192978
20
-21.9559849
11
-2.5300696
21
-21.9035598
0
LINE
8
layer0
10
-2.5300696
20
-21.9035598
11
-2.5439399
21
-21.8612673
0
LINE
8
layer0
10
-2.5439399
20
-21.8612673
11
-2.5604869
21
-21.8291954
0
LINE
8
layer0
10
-2.5604869
20
-21.8291954
11
-2.5792801
21
-21.8074438
0
LINE
8
layer0
10
-2.5792801
20
-21.8074438
11
-2.5998962
21
-21.7960908
0
LINE
8
layer0
10
-2.5998962
20
-21.7960908
11
-2.7051195
21
-21.7827486
0
LINE
8
layer0
10
-2.7051195
20
-21.7827486
11
-2.9888579
21
-21.7455565
0
LINE
8
layer0
10
-2.9888579
20
-21.7455565
11
-3.2721089
21
-21.7048177
0
LINE
8
layer0
10
-3.2721089
20
-21.7048177
11
-3.3770299
21
-21.6892762
0
LINE
8
layer0
10
-3.3770299
20
-21.6892762
11
-3.3999445
21
-21.6946461
0
LINE
8
layer0
10
-3.3999445
20
-21.6946461
11
-3.4239093
21
-21.7105207
0
LINE
8
layer0
10
-3.4239093
20
-21.7105207
11
-3.4484956
21
-21.7369389
0
LINE
8
layer0
10
-3.4484956
20
-21.7369389
11
-3.473262
21
-21.773921
0
LINE
8
layer0
10
-3.473262
20
-21.773921
11
-3.4977785
21
-21.8214958
0
LINE
8
layer0
10
-3.4977785
20
-21.8214958
11
-3.5766764
21
-22.0103314
0
LINE
8
layer0
10
-3.5766764
20
-22.0103314
11
-3.6811058
21
-22.237235
0
LINE
8
layer0
10
-3.6811058
20
-22.237235
11
-3.8114609
21
-22.4918565
0
LINE
8
layer0
10
-3.8114609
20
-22.4918565
11
-3.8867348
21
-22.6283278
0
LINE
8
layer0
10
-3.8867348
20
-22.6283278
11
-3.971372
21
-22.7744642
0
LINE
8
layer0
10
-3.971372
20
-22.7744642
11
-4.062894
21
-22.9250848
0
LINE
8
layer0
10
-4.062894
20
-22.9250848
11
-4.1627875
21
-23.0819739
0
LINE
8
layer0
10
-4.1627875
20
-23.0819739
11
-4.2703124
21
-23.2433456
0
LINE
8
layer0
10
-4.2703124
20
-23.2433456
11
-4.3883017
21
-23.4126261
0
LINE
8
layer0
10
-4.3883017
20
-23.4126261
11
-4.5053015
21
-23.5733353
0
ARC
8
layer0
10
0
20
0.0000026
40
24
50
257.3415498
51
259.1801919
0
LINE
8
layer0
10
-5.259329
20
-23.4166465
11
-5.3026158
21
-23.2226295
0
LINE
8
layer0
10
-5.3026158
20
-23.2226295
11
-5.3433954
21
-23.0203564
0
LINE
8
layer0
10
-5.3433954
20
-23.0203564
11
-5.3777279
21
-22.8295064
0
LINE
8
layer0
10
-5.3777279
20
-22.8295064
11
-5.4068465
21
-22.6458083
0
LINE
8
layer0
10
-5.4068465
20
-22.6458083
11
-5.430784
21
-22.4711949
0
LINE
8
layer0
10
-5.430784
20
-22.4711949
11
-5.4501933
21
-22.3034374
0
LINE
8
layer0
10
-5.4501933
20
-22.3034374
11
-5.4648651
21
-22.1482752
0
LINE
8
layer0
10
-5.4648651
20
-22.1482752
11
-5.4829868
21
-21.8627998
0
LINE
8
layer0
10
-5.4829868
20
-21.8627998
11
-5.488372
21
-21.6130765
0
LINE
8
layer0
10
-5.488372
20
-21.6130765
11
-5.4855058
21
-21.4084413
0
LINE
8
layer0
10
-5.4855058
20
-21.4084413
11
-5.4890387
21
-21.3550378
0
LINE
8
layer0
10
-5.4890387
20
-21.3550378
11
-5.497021
21
-21.3112505
0
LINE
8
layer0
10
-5.497021
20
-21.3112505
11
-5.5090468
21
-21.2772242
0
LINE
8
layer0
10
-5.5090468
20
-21.2772242
11
-5.5247031
21
-21.2531161
0
LINE
8
layer0
10
-5.5247031
20
-21.2531161
11
-5.5435813
21
-21.2390617
0
LINE
8
layer0
10
-5.5435813
20
-21.2390617
11
-5.6460078
21
-21.2115159
0
LINE
8
layer0
10
-5.6460078
20
-21.2115159
11
-5.9220391
21
-21.1360345
0
LINE
8
layer0
10
-5.9220391
20
-21.1360345
11
-6.1971046
21
-21.0571058
0
LINE
8
layer0
10
-6.1971046
20
-21.0571058
11
-6.2989321
21
-21.0274223
0
LINE
8
layer0
10
-6.2989321
20
-21.0274223
11
-6.3223645
21
-21.0296219
0
LINE
8
layer0
10
-6.3223645
20
-21.0296219
11
-6.3482677
21
-21.0420855
0
LINE
8
layer0
10
-6.3482677
20
-21.0420855
11
-6.3762223
21
-21.0649098
0
LINE
8
layer0
10
-6.3762223
20
-21.0649098
11
-6.4057937
21
-21.0981751
0
LINE
8
layer0
10
-6.4057937
20
-21.0981751
11
-6.4365599
21
-21.1419685
0
LINE
8
layer0
10
-6.4365599
20
-21.1419685
11
-6.5404361
21
-21.3183019
0
LINE
8
layer0
10
-6.5404361
20
-21.3183019
11
-6.6747895
21
-21.5288723
0
LINE
8
layer0
10
-6.6747895
20
-21.5288723
11
-6.8386015
21
-21.7633723
0
LINE
8
layer0
10
-6.8386015
20
-21.7633723
11
-6.9317571
21
-21.8883227
0
LINE
8
layer0
10
-6.9317571
20
-21.8883227
11
-7.0355049
21
-22.0215732
0
LINE
8
layer0
10
-7.0355049
20
-22.0215732
11
-7.146684
21
-22.1583287
0
LINE
8
layer0
10
-7.146684
20
-22.1583287
11
-7.2670101
21
-22.3001544
0
LINE
8
layer0
10
-7.2670101
20
-22.3001544
11
-7.395507
21
-22.4453817
0
LINE
8
layer0
10
-7.395507
20
-22.4453817
11
-7.5354477
21
-22.5970193
0
LINE
8
layer0
10
-7.5354477
20
-22.5970193
11
-7.673241
21
-22.7403001
0
ARC
8
layer0
10
3e-7
20
0.0000026
40
24
50
249.5154627
51
251.354105
0
LINE
8
layer0
10
-8.3989096
20
-22.4823974
11
-8.4153746
21
-22.2842932
0
LINE
8
layer0
10
-8.4153746
20
-22.2842932
11
-8.4282316
21
-22.0783513
0
LINE
8
layer0
10
-8.4282316
20
-22.0783513
11
-8.4362568
21
-21.884604
0
LINE
8
layer0
10
-8.4362568
20
-21.884604
11
-8.4400907
21
-21.6986518
0
LINE
8
layer0
10
-8.4400907
20
-21.6986518
11
-8.4400287
21
-21.5224053
0
LINE
8
layer0
10
-8.4400287
20
-21.5224053
11
-8.4364143
21
-21.3535674
0
LINE
8
layer0
10
-8.4364143
20
-21.3535674
11
-8.4298215
21
-21.1978525
0
LINE
8
layer0
10
-8.4298215
20
-21.1978525
11
-8.4089022
21
-20.9125685
0
LINE
8
layer0
10
-8.4089022
20
-20.9125685
11
-8.3802332
21
-20.6644379
0
LINE
8
layer0
10
-8.3802332
20
-20.6644379
11
-8.3495292
21
-20.462099
0
LINE
8
layer0
10
-8.3495292
20
-20.462099
11
-8.3457574
21
-20.4087118
0
LINE
8
layer0
10
-8.3457574
20
-20.4087118
11
-8.347703
21
-20.3642454
0
LINE
8
layer0
10
-8.347703
20
-20.3642454
11
-8.3549835
21
-20.3288985
0
LINE
8
layer0
10
-8.3549835
20
-20.3288985
11
-8.3672113
21
-20.3028832
0
LINE
8
layer0
10
-8.3672113
20
-20.3028832
11
-8.3839999
21
-20.286389
0
LINE
8
layer0
10
-8.3839999
20
-20.286389
11
-8.4817216
21
-20.2451527
0
LINE
8
layer0
10
-8.4817216
20
-20.2451527
11
-8.7449039
21
-20.1327881
0
LINE
8
layer0
10
-8.7449039
20
-20.1327881
11
-9.00666
21
-20.0171398
0
LINE
8
layer0
10
-9.00666
20
-20.0171398
11
-9.1034972
21
-19.9738673
0
LINE
8
layer0
10
-9.1034972
20
-19.9738673
11
-9.1270108
21
-19.9728557
0
LINE
8
layer0
10
-9.1270108
20
-19.9728557
11
-9.1543699
21
-19.981676
0
LINE
8
layer0
10
-9.1543699
20
-19.981676
11
-9.185172
21
-20.0004813
0
LINE
8
layer0
10
-9.185172
20
-20.0004813
11
-9.2189976
21
-20.0294101
0
LINE
8
layer0
10
-9.2189976
20
-20.0294101
11
-9.2554405
21
-20.0686062
0
LINE
8
layer0
10
-9.2554405
20
-20.0686062
11
-9.3823599
21
-20.2291528
0
LINE
8
layer0
10
-9.3823599
20
-20.2291528
11
-9.5441346
21
-20.4194675
0
LINE
8
layer0
10
-9.5441346
20
-20.4194675
11
-9.7383518
21
-20.6294776
0
LINE
8
layer0
10
-9.7383518
20
-20.6294776
11
-9.8476539
21
-20.7405795
0
LINE
8
layer0
10
-9.8476539
20
-20.7405795
11
-9.9685797
21
-20.8584619
0
LINE
8
layer0
10
-9.9685797
20
-20.8584619
11
-10.0973447
21
-20.9788048
0
LINE
8
layer0
10
-10.0973447
20
-20.9788048
11
-10.2358621
21
-21.1029251
0
LINE
8
layer0
10
-10.2358621
20
-21.1029251
11
-10.3829372
21
-21.2293028
0
LINE
8
layer0
10
-10.3829372
20
-21.2293028
11
-10.5422225
21
-21.3604728
0
LINE
8
layer0
10
-10.5422225
20
-21.3604728
11
-10.6982424
21
-21.4836562
0
ARC
8
layer0
10
0.0000023
20
0.0000018
40
24
50
241.6893717
51
243.5280139
0
LINE
8
layer0
10
-11.3820344
20
-21.1293438
11
-11.3713709
21
-20.9308427
0
LINE
8
layer0
10
-11.3713709
20
-20.9308427
11
-11.3560657
21
-20.7250683
0
LINE
8
layer0
10
-11.3560657
20
-20.7250683
11
-11.3376342
21
-20.5320328
0
LINE
8
layer0
10
-11.3376342
20
-20.5320328
11
-11.3161119
21
-20.3472906
0
LINE
8
layer0
10
-11.3161119
20
-20.3472906
11
-11.2920516
21
-20.172694
0
LINE
8
layer0
10
-11.2920516
20
-20.172694
11
-11.2654808
21
-20.0059209
0
LINE
8
layer0
10
-11.2654808
20
-20.0059209
11
-11.2377462
21
-19.8525541
0
LINE
8
layer0
10
-11.2377462
20
-19.8525541
11
-11.1781756
21
-19.5727757
0
LINE
8
layer0
10
-11.1781756
20
-19.5727757
11
-11.1159865
21
-19.3308599
0
LINE
8
layer0
10
-11.1159865
20
-19.3308599
11
-11.0580167
21
-19.1345865
0
LINE
8
layer0
10
-11.0580167
20
-19.1345865
11
-11.0470105
21
-19.0822102
0
LINE
8
layer0
10
-11.0470105
20
-19.0822102
11
-11.0428831
21
-19.037893
0
LINE
8
layer0
10
-11.0428831
20
-19.037893
11
-11.0452828
21
-19.0018839
0
LINE
8
layer0
10
-11.0452828
20
-19.0018839
11
-11.0538542
21
-18.9744459
0
LINE
8
layer0
10
-11.0538542
20
-18.9744459
11
-11.0682405
21
-18.9558193
0
LINE
8
layer0
10
-11.0682405
20
-18.9558193
11
-11.159437
21
-18.9016607
0
LINE
8
layer0
10
-11.159437
20
-18.9016607
11
-11.4048677
21
-18.7545059
0
LINE
8
layer0
10
-11.4048677
20
-18.7545059
11
-11.6484383
21
-18.6042924
0
LINE
8
layer0
10
-11.6484383
20
-18.6042924
11
-11.7384813
21
-18.5482369
0
LINE
8
layer0
10
-11.7384813
20
-18.5482369
11
-11.7616382
21
-18.5440329
0
LINE
8
layer0
10
-11.7616382
20
-18.5440329
11
-11.7899434
21
-18.5490457
0
LINE
8
layer0
10
-11.7899434
20
-18.5490457
11
-11.8230193
21
-18.5634816
0
LINE
8
layer0
10
-11.8230193
20
-18.5634816
11
-11.860469
21
-18.5875351
0
LINE
8
layer0
10
-11.860469
20
-18.5875351
11
-11.9019097
21
-18.6214038
0
LINE
8
layer0
10
-11.9019097
20
-18.6214038
11
-12.049508
21
-18.7631729
0
LINE
8
layer0
10
-12.049508
20
-18.7631729
11
-12.2356905
21
-18.9296867
0
LINE
8
layer0
10
-12.2356905
20
-18.9296867
11
-12.4566951
21
-19.1112948
0
LINE
8
layer0
10
-12.4566951
20
-19.1112948
11
-12.5801076
21
-19.2064786
0
LINE
8
layer0
10
-12.5801076
20
-19.2064786
11
-12.7159587
21
-19.306797
0
LINE
8
layer0
10
-12.7159587
20
-19.306797
11
-12.8599111
21
-19.4084855
0
LINE
8
layer0
10
-12.8599111
20
-19.4084855
11
-13.0140393
21
-19.5125883
0
LINE
8
layer0
10
-13.0140393
20
-19.5125883
11
-13.176953
21
-19.6177622
0
LINE
8
layer0
10
-13.176953
20
-19.6177622
11
-13.3526157
21
-19.7260211
0
LINE
8
layer0
10
-13.3526157
20
-19.7260211
11
-13.5239559
21
-19.8268125
0
ARC
8
layer0
10
5e-7
20
0.0000028
40
24
50
233.8632906
51
235.7019327
0
LINE
8
layer0
10
-14.1531335
20
-19.3826904
11
-14.1155401
21
-19.1874903
0
LINE
8
layer0
10
-14.1155401
20
-19.1874903
11
-14.0723578
21
-18.9857165
0
LINE
8
layer0
10
-14.0723578
20
-18.9857165
11
-14.027813
21
-18.7969887
0
LINE
8
layer0
10
-14.027813
20
-18.7969887
11
-13.9813354
21
-18.6168977
0
LINE
8
layer0
10
-13.9813354
20
-18.6168977
11
-13.933725
21
-18.4472036
0
LINE
8
layer0
10
-13.933725
20
-18.4472036
11
-13.8846927
21
-18.2856019
0
LINE
8
layer0
10
-13.8846927
20
-18.2856019
11
-13.836333
21
-18.13744
0
LINE
8
layer0
10
-13.836333
20
-18.13744
11
-13.7392207
21
-17.8683791
0
LINE
8
layer0
10
-13.7392207
20
-17.8683791
11
-13.64467
21
-17.6371846
0
LINE
8
layer0
10
-13.64467
20
-17.6371846
11
-13.5605143
21
-17.4506329
0
LINE
8
layer0
10
-13.5605143
20
-17.4506329
11
-13.5424787
21
-17.400243
0
LINE
8
layer0
10
-13.5424787
20
-17.400243
11
-13.5323552
21
-17.3569006
0
LINE
8
layer0
10
-13.5323552
20
-17.3569006
11
-13.5298293
21
-17.3209002
0
LINE
8
layer0
10
-13.5298293
20
-17.3209002
11
-13.5345847
21
-17.2925506
0
LINE
8
layer0
10
-13.5345847
20
-17.2925506
11
-13.5463007
21
-17.2721386
0
LINE
8
layer0
10
-13.5463007
20
-17.2721386
11
-13.6292732
21
-17.2060664
0
LINE
8
layer0
10
-13.6292732
20
-17.2060664
11
-13.8523804
21
-17.0268628
0
LINE
8
layer0
10
-13.8523804
20
-17.0268628
11
-14.0732283
21
-16.8448822
0
LINE
8
layer0
10
-14.0732283
20
-16.8448822
11
-14.1547997
21
-16.777088
0
LINE
8
layer0
10
-14.1547997
20
-16.777088
11
-14.1771685
21
-16.76977
0
LINE
8
layer0
10
-14.1771685
20
-16.76977
11
-14.2058927
21
-16.7708818
0
LINE
8
layer0
10
-14.2058927
20
-16.7708818
11
-14.2406262
21
-16.7806794
0
LINE
8
layer0
10
-14.2406262
20
-16.7806794
11
-14.2810024
21
-16.7994094
0
LINE
8
layer0
10
-14.2810024
20
-16.7994094
11
-14.3266688
21
-16.8273199
0
LINE
8
layer0
10
-14.3266688
20
-16.8273199
11
-14.4921967
21
-16.9476706
0
LINE
8
layer0
10
-14.4921967
20
-16.9476706
11
-14.6993186
21
-17.0872816
0
LINE
8
layer0
10
-14.6993186
20
-17.0872816
11
-14.9429938
21
-17.2371047
0
LINE
8
layer0
10
-14.9429938
20
-17.2371047
11
-15.0782176
21
-17.3145973
0
LINE
8
layer0
10
-15.0782176
20
-17.3145973
11
-15.2264634
21
-17.3954829
0
LINE
8
layer0
10
-15.2264634
20
-17.3954829
11
-15.3829216
21
-17.4766228
0
LINE
8
layer0
10
-15.3829216
20
-17.4766228
11
-15.5497896
21
-17.5587689
0
LINE
8
layer0
10
-15.5497896
20
-17.5587689
11
-15.7255071
21
-17.6407798
0
LINE
8
layer0
10
-15.7255071
20
-17.6407798
11
-15.9142749
21
-17.7241109
0
LINE
8
layer0
10
-15.9142749
20
-17.7241109
11
-16.0977437
21
-17.8006327
0
ARC
8
layer0
10
0.0000021
20
0.0000016
40
24
50
226.0371994
51
227.8758417
0
LINE
8
layer0
10
-16.6605865
20
-17.2749743
11
-16.5967634
21
-17.0867112
0
LINE
8
layer0
10
-16.5967634
20
-17.0867112
11
-16.5265085
21
-16.8926967
0
LINE
8
layer0
10
-16.5265085
20
-16.8926967
11
-16.4566802
21
-16.7117922
0
LINE
8
layer0
10
-16.4566802
20
-16.7117922
11
-16.3861131
21
-16.5397074
0
LINE
8
layer0
10
-16.3861131
20
-16.5397074
11
-16.3158394
21
-16.3780767
0
LINE
8
layer0
10
-16.3158394
20
-16.3780767
11
-16.2452591
21
-16.2246567
0
LINE
8
layer0
10
-16.2452591
20
-16.2246567
11
-16.1771751
21
-16.0844598
0
LINE
8
layer0
10
-16.1771751
20
-16.0844598
11
-16.0443302
21
-15.8311284
0
LINE
8
layer0
10
-16.0443302
20
-15.8311284
11
-15.9191792
21
-15.6149619
0
LINE
8
layer0
10
-15.9191792
20
-15.6149619
11
-15.8104051
21
-15.4416069
0
LINE
8
layer0
10
-15.8104051
20
-15.4416069
11
-15.7856761
21
-15.3941423
0
LINE
8
layer0
10
-15.7856761
20
-15.3941423
11
-15.7697451
21
-15.352582
0
LINE
8
layer0
10
-15.7697451
20
-15.352582
11
-15.7623406
21
-15.3172609
0
LINE
8
layer0
10
-15.7623406
20
-15.3172609
11
-15.7631916
21
-15.2885278
0
LINE
8
layer0
10
-15.7631916
20
-15.2885278
11
-15.772019
21
-15.2667106
0
LINE
8
layer0
10
-15.772019
20
-15.2667106
11
-15.8452218
21
-15.1899557
0
LINE
8
layer0
10
-15.8452218
20
-15.1899557
11
-16.0418494
21
-14.9820415
0
LINE
8
layer0
10
-16.0418494
20
-14.9820415
11
-16.2358606
21
-14.7716837
0
LINE
8
layer0
10
-16.2358606
20
-14.7716837
11
-16.307441
21
-14.6934136
0
LINE
8
layer0
10
-16.307441
20
-14.6934136
11
-16.3286049
21
-14.6831179
0
LINE
8
layer0
10
-16.3286049
20
-14.6831179
11
-16.357213
21
-14.6803081
0
LINE
8
layer0
10
-16.357213
20
-14.6803081
11
-16.3929571
21
-14.6852849
0
LINE
8
layer0
10
-16.3929571
20
-14.6852849
11
-16.4355076
21
-14.6983426
0
LINE
8
layer0
10
-16.4355076
20
-14.6983426
11
-16.4845492
21
-14.7197749
0
LINE
8
layer0
10
-16.4845492
20
-14.7197749
11
-16.6649231
21
-14.8164652
0
LINE
8
layer0
10
-16.6649231
20
-14.8164652
11
-16.8891262
21
-14.9265728
0
LINE
8
layer0
10
-16.8891262
20
-14.9265728
11
-17.1509327
21
-15.04182
0
LINE
8
layer0
10
-17.1509327
20
-15.04182
11
-17.295449
21
-15.1001779
0
LINE
8
layer0
10
-17.295449
20
-15.1001779
11
-17.4533279
21
-15.160124
0
LINE
8
layer0
10
-17.4533279
20
-15.160124
11
-17.6193774
21
-15.2192037
0
LINE
8
layer0
10
-17.6193774
20
-15.2192037
11
-17.7958767
21
-15.2778628
0
LINE
8
layer0
10
-17.7958767
20
-15.2778628
11
-17.9811248
21
-15.335183
0
LINE
8
layer0
10
-17.9811248
20
-15.335183
11
-18.1794813
21
-15.3920341
0
LINE
8
layer0
10
-18.1794813
20
-15.3920341
11
-18.3716609
21
-15.4428609
0
ARC
8
layer0
10
0.0000022
20
0.0000014
40
24
50
218.211113
51
220.0497553
0
LINE
8
layer0
10
-18.8576842
20
-14.845458
11
-18.7688205
21
-14.667639
0
LINE
8
layer0
10
-18.7688205
20
-14.667639
11
-18.6728016
21
-14.484998
0
LINE
8
layer0
10
-18.6728016
20
-14.484998
11
-18.5789905
21
-14.3152867
0
LINE
8
layer0
10
-18.5789905
20
-14.3152867
11
-18.4856485
21
-14.1544135
0
LINE
8
layer0
10
-18.4856485
20
-14.1544135
11
-18.3940207
21
-14.0038572
0
LINE
8
layer0
10
-18.3940207
20
-14.0038572
11
-18.303207
21
-13.8614769
0
LINE
8
layer0
10
-18.303207
20
-13.8614769
11
-18.216667
21
-13.7318566
0
LINE
8
layer0
10
-18.216667
20
-13.7318566
11
-18.0505642
21
-13.4989738
0
LINE
8
layer0
10
-18.0505642
20
-13.4989738
11
-17.8971441
21
-13.3018621
0
LINE
8
layer0
10
-17.8971441
20
-13.3018621
11
-17.765778
21
-13.1449331
0
LINE
8
layer0
10
-17.765778
20
-13.1449331
11
-17.7348162
21
-13.1012778
0
LINE
8
layer0
10
-17.7348162
20
-13.1012778
11
-17.7133745
21
-13.0622739
0
LINE
8
layer0
10
-17.7133745
20
-13.0622739
11
-17.7012294
21
-13.02829
0
LINE
8
layer0
10
-17.7012294
20
-13.02829
11
-17.6981599
21
-12.9997086
0
LINE
8
layer0
10
-17.6981599
20
-12.9997086
11
-17.7039344
21
-12.9768926
0
LINE
8
layer0
10
-17.7039344
20
-12.9768926
11
-17.7660039
21
-12.8908849
0
LINE
8
layer0
10
-17.7660039
20
-12.8908849
11
-17.9324892
21
-12.6581331
0
LINE
8
layer0
10
-17.9324892
20
-12.6581331
11
-18.0960496
21
-12.4233167
0
LINE
8
layer0
10
-18.0960496
20
-12.4233167
11
-18.1563055
21
-12.3360288
0
LINE
8
layer0
10
-18.1563055
20
-12.3360288
11
-18.1758704
21
-12.3229471
0
LINE
8
layer0
10
-18.1758704
20
-12.3229471
11
-18.2038294
21
-12.3162681
0
LINE
8
layer0
10
-18.2038294
20
-12.3162681
11
-18.2399182
21
-12.3163314
0
LINE
8
layer0
10
-18.2399182
20
-12.3163314
11
-18.2838505
21
-12.3234734
0
LINE
8
layer0
10
-18.2838505
20
-12.3234734
11
-18.3353536
21
-12.3380283
0
LINE
8
layer0
10
-18.3353536
20
-12.3380283
11
-18.5272135
21
-12.4092571
0
LINE
8
layer0
10
-18.5272135
20
-12.4092571
11
-18.7643214
21
-12.4878101
0
LINE
8
layer0
10
-18.7643214
20
-12.4878101
11
-19.0393822
21
-12.5663347
0
LINE
8
layer0
10
-19.0393822
20
-12.5663347
11
-19.1904988
21
-12.6044707
0
LINE
8
layer0
10
-19.1904988
20
-12.6044707
11
-19.35507
21
-12.6423606
0
LINE
8
layer0
10
-19.35507
20
-12.6423606
11
-19.5276175
21
-12.6782797
0
LINE
8
layer0
10
-19.5276175
20
-12.6782797
11
-19.7104603
21
-12.7123591
0
LINE
8
layer0
10
-19.7104603
20
-12.7123591
11
-19.9017881
21
-12.7439207
0
LINE
8
layer0
10
-19.9017881
20
-12.7439207
11
-20.1060383
21
-12.7732328
0
LINE
8
layer0
10
-20.1060383
20
-12.7732328
11
-20.3033489
21
-12.7974177
0
ARC
8
layer0
10
0.0000021
20
0.0000014
40
24
50
210.3850269
51
212.2236692
0
LINE
8
layer0
10
-20.703499
20
-12.1393989
11
-20.5912499
21
-11.9753364
0
LINE
8
layer0
10
-20.5912499
20
-11.9753364
11
-20.4712557
21
-11.8074711
0
LINE
8
layer0
10
-20.4712557
20
-11.8074711
11
-20.3552094
21
-11.6521144
0
LINE
8
layer0
10
-20.3552094
20
-11.6521144
11
-20.2408312
21
-11.5054498
0
LINE
8
layer0
10
-20.2408312
20
-11.5054498
11
-20.1295561
21
-11.3687724
0
LINE
8
layer0
10
-20.1295561
20
-11.3687724
11
-20.0202008
21
-11.240084
0
LINE
8
layer0
10
-20.0202008
20
-11.240084
11
-19.9168169
21
-11.1234548
0
LINE
8
layer0
10
-19.9168169
20
-11.1234548
11
-19.7205502
21
-10.9153588
0
LINE
8
layer0
10
-19.7205502
20
-10.9153588
11
-19.5417191
21
-10.7409737
0
LINE
8
layer0
10
-19.5417191
20
-10.7409737
11
-19.3902081
21
-10.603394
0
LINE
8
layer0
10
-19.3902081
20
-10.603394
11
-19.3535903
21
-10.5643613
0
LINE
8
layer0
10
-19.3535903
20
-10.5643613
11
-19.3270372
21
-10.5286403
0
LINE
8
layer0
10
-19.3270372
20
-10.5286403
11
-19.3103778
21
-10.4966267
0
LINE
8
layer0
10
-19.3103778
20
-10.4966267
11
-19.3034451
21
-10.4687295
0
LINE
8
layer0
10
-19.3034451
20
-10.4687295
11
-19.306059
21
-10.4453397
0
LINE
8
layer0
10
-19.306059
20
-10.4453397
11
-19.355839
21
-10.3516813
0
LINE
8
layer0
10
-19.355839
20
-10.3516813
11
-19.4890805
21
-10.0984276
0
LINE
8
layer0
10
-19.4890805
20
-10.0984276
11
-19.6191434
21
-9.8435268
0
LINE
8
layer0
10
-19.6191434
20
-9.8435268
11
-19.6669524
21
-9.748847
0
LINE
8
layer0
10
-19.6669524
20
-9.748847
11
-19.6845538
21
-9.7332232
0
LINE
8
layer0
10
-19.6845538
20
-9.7332232
11
-19.7113429
21
-9.7227992
0
LINE
8
layer0
10
-19.7113429
20
-9.7227992
11
-19.7471042
21
-9.7179479
0
LINE
8
layer0
10
-19.7471042
20
-9.7179479
11
-19.7915998
21
-9.7190413
0
LINE
8
layer0
10
-19.7915998
20
-9.7190413
11
-19.8446051
21
-9.7264475
0
LINE
8
layer0
10
-19.8446051
20
-9.7264475
11
-20.044377
21
-9.770888
0
LINE
8
layer0
10
-20.044377
20
-9.770888
11
-20.2899727
21
-9.8164232
0
LINE
8
layer0
10
-20.2899727
20
-9.8164232
11
-20.5731641
21
-9.8567623
0
LINE
8
layer0
10
-20.5731641
20
-9.8567623
11
-20.728066
21
-9.873966
0
LINE
8
layer0
10
-20.728066
20
-9.873966
11
-20.8962637
21
-9.8890939
0
LINE
8
layer0
10
-20.8962637
20
-9.8890939
11
-21.0720951
21
-9.9011832
0
LINE
8
layer0
10
-21.0720951
20
-9.9011832
11
-21.2578754
21
-9.9100481
0
LINE
8
layer0
10
-21.2578754
20
-9.9100481
11
-21.4517187
21
-9.9152634
0
LINE
8
layer0
10
-21.4517187
20
-9.9152634
11
-21.6580579
21
-9.9164904
0
LINE
8
layer0
10
-21.6580579
20
-9.9164904
11
-21.8568239
21
-9.9135829
0
ARC
8
layer0
10
0.000002
20
0.0000017
40
24
50
202.5589415
51
204.3975838
0
LINE
8
layer0
10
-22.1636468
20
-9.2072058
11
-22.0301033
21
-9.059956
0
LINE
8
layer0
10
-22.0301033
20
-9.059956
11
-21.8883691
21
-8.9099934
0
LINE
8
layer0
10
-21.8883691
20
-8.9099934
11
-21.7522492
21
-8.7718854
0
LINE
8
layer0
10
-21.7522492
20
-8.7718854
11
-21.6189655
21
-8.6421612
0
LINE
8
layer0
10
-21.6189655
20
-8.6421612
11
-21.4901159
21
-8.5219089
0
LINE
8
layer0
10
-21.4901159
20
-8.5219089
11
-21.3642561
21
-8.4093096
0
LINE
8
layer0
10
-21.3642561
20
-8.4093096
11
-21.2459542
21
-8.3078442
0
LINE
8
layer0
10
-21.2459542
20
-8.3078442
11
-21.0231798
21
-8.1284113
0
LINE
8
layer0
10
-21.0231798
20
-8.1284113
11
-20.8222689
21
-7.9800012
0
LINE
8
layer0
10
-20.8222689
20
-7.9800012
11
-20.6534353
21
-7.8643338
0
LINE
8
layer0
10
-20.6534353
20
-7.8643338
11
-20.6118436
21
-7.8306507
0
LINE
8
layer0
10
-20.6118436
20
-7.8306507
11
-20.5806739
21
-7.7988781
0
LINE
8
layer0
10
-20.5806739
20
-7.7988781
11
-20.5598104
21
-7.7694311
0
LINE
8
layer0
10
-20.5598104
20
-7.7694311
11
-20.5491436
21
-7.7427378
0
LINE
8
layer0
10
-20.5491436
20
-7.7427378
11
-20.5485482
21
-7.7192099
0
LINE
8
layer0
10
-20.5485482
20
-7.7192099
11
-20.5851114
21
-7.6196454
0
LINE
8
layer0
10
-20.5851114
20
-7.6196454
11
-20.6826272
21
-7.3506075
0
LINE
8
layer0
10
-20.6826272
20
-7.3506075
11
-20.7767697
21
-7.0803707
0
LINE
8
layer0
10
-20.7767697
20
-7.0803707
11
-20.8112412
21
-6.9800628
0
LINE
8
layer0
10
-20.8112412
20
-6.9800628
11
-20.8265512
21
-6.9621877
0
LINE
8
layer0
10
-20.8265512
20
-6.9621877
11
-20.8516714
21
-6.948213
0
LINE
8
layer0
10
-20.8516714
20
-6.948213
11
-20.886439
21
-6.9385374
0
LINE
8
layer0
10
-20.886439
20
-6.9385374
11
-20.930669
21
-6.9335618
0
LINE
8
layer0
10
-20.930669
20
-6.9335618
11
-20.9841892
21
-6.9336815
0
LINE
8
layer0
10
-20.9841892
20
-6.9336815
11
-21.1881517
21
-6.9505058
0
LINE
8
layer0
10
-21.1881517
20
-6.9505058
11
-21.4376603
21
-6.9621749
0
LINE
8
layer0
10
-21.4376603
20
-6.9621749
11
-21.7237068
21
-6.963577
0
LINE
8
layer0
10
-21.7237068
20
-6.963577
11
-21.8795086
21
-6.9595281
0
LINE
8
layer0
10
-21.8795086
20
-6.9595281
11
-22.0481995
21
-6.9516122
0
LINE
8
layer0
10
-22.0481995
20
-6.9516122
11
-22.2240394
21
-6.9396465
0
LINE
8
layer0
10
-22.2240394
20
-6.9396465
11
-22.4092964
21
-6.9231317
0
LINE
8
layer0
10
-22.4092964
20
-6.9231317
11
-22.6020445
21
-6.9019034
0
LINE
8
layer0
10
-22.6020445
20
-6.9019034
11
-22.8066289
21
-6.8750225
0
LINE
8
layer0
10
-22.8066289
20
-6.8750225
11
-23.0031476
21
-6.8450768
0
ARC
8
layer0
10
0.0000025
20
6e-7
40
24
50
194.7328526
51
196.5714949
0
LINE
8
layer0
10
-23.2109277
20
-6.1034999
11
-23.0585776
21
-5.9758057
0
LINE
8
layer0
10
-23.0585776
20
-5.9758057
11
-22.8977436
21
-5.8465393
0
LINE
8
layer0
10
-22.8977436
20
-5.8465393
11
-22.7440859
21
-5.7282527
0
LINE
8
layer0
10
-22.7440859
20
-5.7282527
11
-22.5943795
21
-5.6178856
0
LINE
8
layer0
10
-22.5943795
20
-5.6178856
11
-22.4503556
21
-5.5162983
0
LINE
8
layer0
10
-22.4503556
20
-5.5162983
11
-22.3103358
21
-5.4218857
0
LINE
8
layer0
10
-22.3103358
20
-5.4218857
11
-22.1793195
21
-5.3374741
0
LINE
8
layer0
10
-22.1793195
20
-5.3374741
11
-21.9341873
21
-5.1900469
0
LINE
8
layer0
10
-21.9341873
20
-5.1900469
11
-21.7149392
21
-5.0703765
0
LINE
8
layer0
10
-21.7149392
20
-5.0703765
11
-21.531928
21
-4.9787759
0
LINE
8
layer0
10
-21.531928
20
-4.9787759
11
-21.4861372
21
-4.95107
0
LINE
8
layer0
10
-21.4861372
20
-4.95107
11
-21.4509314
21
-4.9238375
0
LINE
8
layer0
10
-21.4509314
20
-4.9238375
11
-21.4262526
21
-4.8975057
0
LINE
8
layer0
10
-21.4262526
20
-4.8975057
11
-21.4120504
21
-4.8725135
0
LINE
8
layer0
10
-21.4120504
20
-4.8725135
11
-21.4082569
21
-4.8492858
0
LINE
8
layer0
10
-21.4082569
20
-4.8492858
11
-21.4309222
21
-4.74567
0
LINE
8
layer0
10
-21.4309222
20
-4.74567
11
-21.4908957
21
-4.4658595
0
LINE
8
layer0
10
-21.4908957
20
-4.4658595
11
-21.5473641
21
-4.1853206
0
LINE
8
layer0
10
-21.5473641
20
-4.1853206
11
-21.5678559
21
-4.0812531
0
LINE
8
layer0
10
-21.5678559
20
-4.0812531
11
-21.5805893
21
-4.0614598
0
LINE
8
layer0
10
-21.5805893
20
-4.0614598
11
-21.6035727
21
-4.0441948
0
LINE
8
layer0
10
-21.6035727
20
-4.0441948
11
-21.636699
21
-4.029875
0
LINE
8
layer0
10
-21.636699
20
-4.029875
11
-21.6798395
21
-4.0189232
0
LINE
8
layer0
10
-21.6798395
20
-4.0189232
11
-21.7328775
21
-4.0117541
0
LINE
8
layer0
10
-21.7328775
20
-4.0117541
11
-21.9372311
21
-4.0006488
0
LINE
8
layer0
10
-21.9372311
20
-4.0006488
11
-22.1860048
21
-3.9782345
0
LINE
8
layer0
10
-22.1860048
20
-3.9782345
11
-22.469578
21
-3.9406735
0
LINE
8
layer0
10
-22.469578
20
-3.9406735
11
-22.6233773
21
-3.9154473
0
LINE
8
layer0
10
-22.6233773
20
-3.9154473
11
-22.7894191
21
-3.884635
0
LINE
8
layer0
10
-22.7894191
20
-3.884635
11
-22.9619919
21
-3.8488373
0
LINE
8
layer0
10
-22.9619919
20
-3.8488373
11
-23.1432747
21
-3.8072505
0
LINE
8
layer0
10
-23.1432747
20
-3.8072505
11
-23.3313369
21
-3.7599741
0
LINE
8
layer0
10
-23.3313369
20
-3.7599741
11
-23.5303555
21
-3.7054859
0
LINE
8
layer0
10
-23.5303555
20
-3.7054859
11
-23.7209662
21
-3.6490598
0
ARC
8
layer0
10
0.0000025
20
9e-7
40
24
50
186.9067672
51
188.7454093
0
LINE
8
layer0
10
-23.825833
20
-2.8860973
11
-23.6575142
21
-2.7803375
0
LINE
8
layer0
10
-23.6575142
20
-2.7803375
11
-23.4805765
21
-2.6741753
0
LINE
8
layer0
10
-23.4805765
20
-2.6741753
11
-23.3122432
21
-2.5779134
0
LINE
8
layer0
10
-23.3122432
20
-2.5779134
11
-23.1489028
21
-2.4889593
0
LINE
8
layer0
10
-23.1489028
20
-2.4889593
11
-22.9923876
21
-2.4079295
0
LINE
8
layer0
10
-22.9923876
20
-2.4079295
11
-22.8408161
21
-2.3334623
0
LINE
8
layer0
10
-22.8408161
20
-2.3334623
11
-22.6995261
21
-2.2676769
0
LINE
8
layer0
10
-22.6995261
20
-2.2676769
11
-22.4366024
21
-2.1550017
0
LINE
8
layer0
10
-22.4366024
20
-2.1550017
11
-22.2031012
21
-2.0663002
0
LINE
8
layer0
10
-22.2031012
20
-2.0663002
11
-22.0093217
21
-2.0004728
0
LINE
8
layer0
10
-22.0093217
20
-2.0004728
11
-21.9601848
21
-1.9792601
0
LINE
8
layer0
10
-21.9601848
20
-1.9792601
11
-21.9215988
21
-1.9570752
0
LINE
8
layer0
10
-21.9215988
20
-1.9570752
11
-21.8935643
21
-1.9343491
0
LINE
8
layer0
10
-21.8935643
20
-1.9343491
11
-21.8760912
21
-1.9115235
0
LINE
8
layer0
10
-21.8760912
20
-1.9115235
11
-21.8691702
21
-1.8890287
0
LINE
8
layer0
10
-21.8691702
20
-1.8890287
11
-21.8775154
21
-1.7832917
0
LINE
8
layer0
10
-21.8775154
20
-1.7832917
11
-21.8988295
21
-1.497921
0
LINE
8
layer0
10
-21.8988295
20
-1.497921
11
-21.9165719
21
-1.2123059
0
LINE
8
layer0
10
-21.9165719
20
-1.2123059
11
-21.9227023
21
-1.1064174
0
LINE
8
layer0
10
-21.9227023
20
-1.1064174
11
-21.9326219
21
-1.0850746
0
LINE
8
layer0
10
-21.9326219
20
-1.0850746
11
-21.9530403
21
-1.0648408
0
LINE
8
layer0
10
-21.9530403
20
-1.0648408
11
-21.9839082
21
-1.0461438
0
LINE
8
layer0
10
-21.9839082
20
-1.0461438
11
-22.0251556
21
-1.0294196
0
LINE
8
layer0
10
-22.0251556
20
-1.0294196
11
-22.0767234
21
-1.0150953
0
LINE
8
layer0
10
-22.0767234
20
-1.0150953
11
-22.2776615
21
-0.9762673
0
LINE
8
layer0
10
-22.2776615
20
-0.9762673
11
-22.521066
21
-0.9201871
0
LINE
8
layer0
10
-22.521066
20
-0.9201871
11
-22.7968834
21
-0.8443627
0
LINE
8
layer0
10
-22.7968834
20
-0.8443627
11
-22.9458153
21
-0.7984291
0
LINE
8
layer0
10
-22.9458153
20
-0.7984291
11
-23.106115
21
-0.7452945
0
LINE
8
layer0
10
-23.106115
20
-0.7452945
11
-23.272206
21
-0.6863315
0
LINE
8
layer0
10
-23.272206
20
-0.6863315
11
-23.4461375
21
-0.6204474
0
LINE
8
layer0
10
-23.4461375
20
-0.6204474
11
-23.6260106
21
-0.5480035
0
LINE
8
layer0
10
-23.6260106
20
-0.5480035
11
-23.8157561
21
-0.4669232
0
LINE
8
layer0
10
-23.8157561
20
-0.4669232
11
-23.9969081
21
-0.3850678
0
ARC
8
layer0
10
0.0000026
20
0
40
24
50
179.0806789
51
180.9193211
0
LINE
8
layer0
10
-23.9969081
20
0.3850678
11
-23.8157561
21
0.4669232
0
LINE
8
layer0
10
-23.8157561
20
0.4669232
11
-23.6260106
21
0.5480035
0
LINE
8
layer0
10
-23.6260106
20
0.5480035
11
-23.4461375
21
0.6204474
0
LINE
8
layer0
10
-23.4461375
20
0.6204474
11
-23.272206
21
0.6863315
0
LINE
8
layer0
10
-23.272206
20
0.6863315
11
-23.106115
21
0.7452945
0
LINE
8
layer0
10
-23.106115
20
0.7452945
11
-22.9458153
21
0.7984291
0
LINE
8
layer0
10
-22.9458153
20
0.7984291
11
-22.7968834
21
0.8443627
0
LINE
8
layer0
10
-22.7968834
20
0.8443627
11
-22.521066
21
0.9201871
0
LINE
8
layer0
10
-22.521066
20
0.9201871
11
-22.2776615
21
0.9762673
0
LINE
8
layer0
10
-22.2776615
20
0.9762673
11
-22.0767234
21
1.0150953
0
LINE
8
layer0
10
-22.0767234
20
1.0150953
11
-22.0251556
21
1.0294196
0
LINE
8
layer0
10
-22.0251556
20
1.0294196
11
-21.9839082
21
1.0461438
0
LINE
8
layer0
10
-21.9839082
20
1.0461438
11
-21.9530403
21
1.0648408
0
LINE
8
layer0
10
-21.9530403
20
1.0648408
11
-21.9326219
21
1.0850746
0
LINE
8
layer0
10
-21.9326219
20
1.0850746
11
-21.9227023
21
1.1064174
0
LINE
8
layer0
10
-21.9227023
20
1.1064174
11
-21.9165719
21
1.2123059
0
LINE
8
layer0
10
-21.9165719
20
1.2123059
11
-21.8988295
21
1.497921
0
LINE
8
layer0
10
-21.8988295
20
1.497921
11
-21.8775154
21
1.7832917
0
LINE
8
layer0
10
-21.8775154
20
1.7832917
11
-21.8691702
21
1.8890287
0
LINE
8
layer0
10
-21.8691702
20
1.8890287
11
-21.8760912
21
1.9115235
0
LINE
8
layer0
10
-21.8760912
20
1.9115235
11
-21.8935643
21
1.9343491
0
LINE
8
layer0
10
-21.8935643
20
1.9343491
11
-21.9215988
21
1.9570752
0
LINE
8
layer0
10
-21.9215988
20
1.9570752
11
-21.9601848
21
1.9792601
0
LINE
8
layer0
10
-21.9601848
20
1.9792601
11
-22.0093217
21
2.0004728
0
LINE
8
layer0
10
-22.0093217
20
2.0004728
11
-22.2031012
21
2.0663002
0
LINE
8
layer0
10
-22.2031012
20
2.0663002
11
-22.4366024
21
2.1550017
0
LINE
8
layer0
10
-22.4366024
20
2.1550017
11
-22.6995261
21
2.2676769
0
LINE
8
layer0
10
-22.6995261
20
2.2676769
11
-22.8408161
21
2.3334623
0
LINE
8
layer0
10
-22.8408161
20
2.3334623
11
-22.9923876
21
2.4079295
0
LINE
8
layer0
10
-22.9923876
20
2.4079295
11
-23.1489028
21
2.4889593
0
LINE
8
layer0
10
-23.1489028
20
2.4889593
11
-23.3122432
21
2.5779134
0
LINE
8
layer0
10
-23.3122432
20
2.5779134
11
-23.4805765
21
2.6741753
0
LINE
8
layer0
10
-23.4805765
20
2.6741753
11
-23.6575142
21
2.7803375
0
LINE
8
layer0
10
-23.6575142
20
2.7803375
11
-23.825833
21
2.8860973
0
ARC
8
layer0
10
0.0000025
20
-9e-7
40
24
50
171.2545907
51
173.0932328
0
LINE
8
layer0
10
-23.7209662
20
3.6490598
11
-23.5303555
21
3.7054859
0
LINE
8
layer0
10
-23.5303555
20
3.7054859
11
-23.3313369
21
3.7599741
0
LINE
8
layer0
10
-23.3313369
20
3.7599741
11
-23.1432747
21
3.8072505
0
LINE
8
layer0
10
-23.1432747
20
3.8072505
11
-22.9619919
21
3.8488373
0
LINE
8
layer0
10
-22.9619919
20
3.8488373
11
-22.7894191
21
3.884635
0
LINE
8
layer0
10
-22.7894191
20
3.884635
11
-22.6233773
21
3.9154473
0
LINE
8
layer0
10
-22.6233773
20
3.9154473
11
-22.469578
21
3.9406735
0
LINE
8
layer0
10
-22.469578
20
3.9406735
11
-22.1860048
21
3.9782345
0
LINE
8
layer0
10
-22.1860048
20
3.9782345
11
-21.9372311
21
4.0006488
0
LINE
8
layer0
10
-21.9372311
20
4.0006488
11
-21.7328775
21
4.0117541
0
LINE
8
layer0
10
-21.7328775
20
4.0117541
11
-21.6798395
21
4.0189232
0
LINE
8
layer0
10
-21.6798395
20
4.0189232
11
-21.636699
21
4.029875
0
LINE
8
layer0
10
-21.636699
20
4.029875
11
-21.6035727
21
4.0441948
0
LINE
8
layer0
10
-21.6035727
20
4.0441948
11
-21.5805893
21
4.0614598
0
LINE
8
layer0
10
-21.5805893
20
4.0614598
11
-21.5678559
21
4.0812531
0
LINE
8
layer0
10
-21.5678559
20
4.0812531
11
-21.5473641
21
4.1853206
0
LINE
8
layer0
10
-21.5473641
20
4.1853206
11
-21.4908957
21
4.4658595
0
LINE
8
layer0
10
-21.4908957
20
4.4658595
11
-21.4309222
21
4.74567
0
LINE
8
layer0
10
-21.4309222
20
4.74567
11
-21.4082569
21
4.8492858
0
LINE
8
layer0
10
-21.4082569
20
4.8492858
11
-21.4120504
21
4.8725135
0
LINE
8
layer0
10
-21.4120504
20
4.8725135
11
-21.4262526
21
4.8975057
0
LINE
8
layer0
10
-21.4262526
20
4.8975057
11
-21.4509314
21
4.9238375
0
LINE
8
layer0
10
-21.4509314
20
4.9238375
11
-21.4861372
21
4.95107
0
LINE
8
layer0
10
-21.4861372
20
4.95107
11
-21.531928
21
4.9787759
0
LINE
8
layer0
10
-21.531928
20
4.9787759
11
-21.7149392
21
5.0703765
0
LINE
8
layer0
10
-21.7149392
20
5.0703765
11
-21.9341873
21
5.1900469
0
LINE
8
layer0
10
-21.9341873
20
5.1900469
11
-22.1793195
21
5.3374741
0
LINE
8
layer0
10
-22.1793195
20
5.3374741
11
-22.3103358
21
5.4218857
0
LINE
8
layer0
10
-22.3103358
20
5.4218857
11
-22.4503556
21
5.5162983
0
LINE
8
layer0
10
-22.4503556
20
5.5162983
11
-22.5943795
21
5.6178856
0
LINE
8
layer0
10
-22.5943795
20
5.6178856
11
-22.7440859
21
5.7282527
0
LINE
8
layer0
10
-22.7440859
20
5.7282527
11
-22.8977436
21
5.8465393
0
LINE
8
layer0
10
-22.8977436
20
5.8465393
11
-23.0585776
21
5.9758057
0
LINE
8
layer0
10
-23.0585776
20
5.9758057
11
-23.2109277
21
6.1034999
0
ARC
8
layer0
10
0.0000025
20
-6e-7
40
24
50
163.4285051
51
165.2671474
0
LINE
8
layer0
10
-23.0031476
20
6.8450768
11
-22.8066289
21
6.8750225
0
LINE
8
layer0
10
-22.8066289
20
6.8750225
11
-22.6020445
21
6.9019034
0
LINE
8
layer0
10
-22.6020445
20
6.9019034
11
-22.4092964
21
6.9231317
0
LINE
8
layer0
10
-22.4092964
20
6.9231317
11
-22.2240394
21
6.9396465
0
LINE
8
layer0
10
-22.2240394
20
6.9396465
11
-22.0481995
21
6.9516122
0
LINE
8
layer0
10
-22.0481995
20
6.9516122
11
-21.8795086
21
6.9595281
0
LINE
8
layer0
10
-21.8795086
20
6.9595281
11
-21.7237068
21
6.963577
0
LINE
8
layer0
10
-21.7237068
20
6.963577
11
-21.4376603
21
6.9621749
0
LINE
8
layer0
10
-21.4376603
20
6.9621749
11
-21.1881517
21
6.9505058
0
LINE
8
layer0
10
-21.1881517
20
6.9505058
11
-20.9841892
21
6.9336815
0
LINE
8
layer0
10
-20.9841892
20
6.9336815
11
-20.930669
21
6.9335618
0
LINE
8
layer0
10
-20.930669
20
6.9335618
11
-20.886439
21
6.9385374
0
LINE
8
layer0
10
-20.886439
20
6.9385374
11
-20.8516714
21
6.948213
0
LINE
8
layer0
10
-20.8516714
20
6.948213
11
-20.8265512
21
6.9621877
0
LINE
8
layer0
10
-20.8265512
20
6.9621877
11
-20.8112412
21
6.9800628
0
LINE
8
layer0
10
-20.8112412
20
6.9800628
11
-20.7767697
21
7.0803707
0
LINE
8
layer0
10
-20.7767697
20
7.0803707
11
-20.6826272
21
7.3506075
0
LINE
8
layer0
10
-20.6826272
20
7.3506075
11
-20.5851114
21
7.6196454
0
LINE
8
layer0
10
-20.5851114
20
7.6196454
11
-20.5485482
21
7.7192099
0
LINE
8
layer0
10
-20.5485482
20
7.7192099
11
-20.5491436
21
7.7427378
0
LINE
8
layer0
10
-20.5491436
20
7.7427378
11
-20.5598104
21
7.7694311
0
LINE
8
layer0
10
-20.5598104
20
7.7694311
11
-20.5806739
21
7.7988781
0
LINE
8
layer0
10
-20.5806739
20
7.7988781
11
-20.6118436
21
7.8306507
0
LINE
8
layer0
10
-20.6118436
20
7.8306507
11
-20.6534353
21
7.8643338
0
LINE
8
layer0
10
-20.6534353
20
7.8643338
11
-20.8222689
21
7.9800012
0
LINE
8
layer0
10
-20.8222689
20
7.9800012
11
-21.0231798
21
8.1284113
0
LINE
8
layer0
10
-21.0231798
20
8.1284113
11
-21.2459542
21
8.3078442
0
LINE
8
layer0
10
-21.2459542
20
8.3078442
11
-21.3642561
21
8.4093096
0
LINE
8
layer0
10
-21.3642561
20
8.4093096
11
-21.4901159
21
8.5219089
0
LINE
8
layer0
10
-21.4901159
20
8.5219089
11
-21.6189655
21
8.6421612
0
LINE
8
layer0
10
-21.6189655
20
8.6421612
11
-21.7522492
21
8.7718854
0
LINE
8
layer0
10
-21.7522492
20
8.7718854
11
-21.8883691
21
8.9099934
0
LINE
8
layer0
10
-21.8883691
20
8.9099934
11
-22.0301033
21
9.059956
0
LINE
8
layer0
10
-22.0301033
20
9.059956
11
-22.1636468
21
9.2072058
0
ARC
8
layer0
10
0.000002
20
-0.0000018
40
24
50
155.602416
51
157.4410583
0
LINE
8
layer0
10
-21.8568239
20
9.9135829
11
-21.6580579
21
9.9164904
0
LINE
8
layer0
10
-21.6580579
20
9.9164904
11
-21.4517187
21
9.9152634
0
LINE
8
layer0
10
-21.4517187
20
9.9152634
11
-21.2578754
21
9.9100481
0
LINE
8
layer0
10
-21.2578754
20
9.9100481
11
-21.0720951
21
9.9011832
0
LINE
8
layer0
10
-21.0720951
20
9.9011832
11
-20.8962637
21
9.8890939
0
LINE
8
layer0
10
-20.8962637
20
9.8890939
11
-20.728066
21
9.873966
0
LINE
8
layer0
10
-20.728066
20
9.873966
11
-20.5731641
21
9.8567623
0
LINE
8
layer0
10
-20.5731641
20
9.8567623
11
-20.2899727
21
9.8164232
0
LINE
8
layer0
10
-20.2899727
20
9.8164232
11
-20.044377
21
9.770888
0
LINE
8
layer0
10
-20.044377
20
9.770888
11
-19.8446051
21
9.7264475
0
LINE
8
layer0
10
-19.8446051
20
9.7264475
11
-19.7915998
21
9.7190413
0
LINE
8
layer0
10
-19.7915998
20
9.7190413
11
-19.7471042
21
9.7179479
0
LINE
8
layer0
10
-19.7471042
20
9.7179479
11
-19.7113429
21
9.7227992
0
LINE
8
layer0
10
-19.7113429
20
9.7227992
11
-19.6845538
21
9.7332232
0
LINE
8
layer0
10
-19.6845538
20
9.7332232
11
-19.6669524
21
9.748847
0
LINE
8
layer0
10
-19.6669524
20
9.748847
11
-19.6191434
21
9.8435268
0
LINE
8
layer0
10
-19.6191434
20
9.8435268
11
-19.4890805
21
10.0984276
0
LINE
8
layer0
10
-19.4890805
20
10.0984276
11
-19.355839
21
10.3516813
0
LINE
8
layer0
10
-19.355839
20
10.3516813
11
-19.306059
21
10.4453397
0
LINE
8
layer0
10
-19.306059
20
10.4453397
11
-19.3034451
21
10.4687295
0
LINE
8
layer0
10
-19.3034451
20
10.4687295
11
-19.3103778
21
10.4966267
0
LINE
8
layer0
10
-19.3103778
20
10.4966267
11
-19.3270372
21
10.5286403
0
LINE
8
layer0
10
-19.3270372
20
10.5286403
11
-19.3535903
21
10.5643613
0
LINE
8
layer0
10
-19.3535903
20
10.5643613
11
-19.3902081
21
10.603394
0
LINE
8
layer0
10
-19.3902081
20
10.603394
11
-19.5417191
21
10.7409737
0
LINE
8
layer0
10
-19.5417191
20
10.7409737
11
-19.7205502
21
10.9153588
0
LINE
8
layer0
10
-19.7205502
20
10.9153588
11
-19.9168169
21
11.1234548
0
LINE
8
layer0
10
-19.9168169
20
11.1234548
11
-20.0202008
21
11.240084
0
LINE
8
layer0
10
-20.0202008
20
11.240084
11
-20.1295561
21
11.3687724
0
LINE
8
layer0
10
-20.1295561
20
11.3687724
11
-20.2408312
21
11.5054498
0
LINE
8
layer0
10
-20.2408312
20
11.5054498
11
-20.3552094
21
11.6521144
0
LINE
8
layer0
10
-20.3552094
20
11.6521144
11
-20.4712557
21
11.8074711
0
LINE
8
layer0
10
-20.4712557
20
11.8074711
11
-20.5912499
21
11.9753364
0
LINE
8
layer0
10
-20.5912499
20
11.9753364
11
-20.703499
21
12.1393989
0
ARC
8
layer0
10
0.0000021
20
-0.0000014
40
24
50
147.7763308
51
149.6149731
0
LINE
8
layer0
10
-20.3033489
20
12.7974177
11
-20.1060383
21
12.7732328
0
LINE
8
layer0
10
-20.1060383
20
12.7732328
11
-19.9017881
21
12.7439207
0
LINE
8
layer0
10
-19.9017881
20
12.7439207
11
-19.7104603
21
12.7123591
0
LINE
8
layer0
10
-19.7104603
20
12.7123591
11
-19.5276175
21
12.6782797
0
LINE
8
layer0
10
-19.5276175
20
12.6782797
11
-19.35507
21
12.6423606
0
LINE
8
layer0
10
-19.35507
20
12.6423606
11
-19.1904988
21
12.6044707
0
LINE
8
layer0
10
-19.1904988
20
12.6044707
11
-19.0393822
21
12.5663347
0
LINE
8
layer0
10
-19.0393822
20
12.5663347
11
-18.7643214
21
12.4878101
0
LINE
8
layer0
10
-18.7643214
20
12.4878101
11
-18.5272135
21
12.4092571
0
LINE
8
layer0
10
-18.5272135
20
12.4092571
11
-18.3353536
21
12.3380283
0
LINE
8
layer0
10
-18.3353536
20
12.3380283
11
-18.2838505
21
12.3234734
0
LINE
8
layer0
10
-18.2838505
20
12.3234734
11
-18.2399182
21
12.3163314
0
LINE
8
layer0
10
-18.2399182
20
12.3163314
11
-18.2038294
21
12.3162681
0
LINE
8
layer0
10
-18.2038294
20
12.3162681
11
-18.1758704
21
12.3229471
0
LINE
8
layer0
10
-18.1758704
20
12.3229471
11
-18.1563055
21
12.3360288
0
LINE
8
layer0
10
-18.1563055
20
12.3360288
11
-18.0960496
21
12.4233167
0
LINE
8
layer0
10
-18.0960496
20
12.4233167
11
-17.9324892
21
12.6581331
0
LINE
8
layer0
10
-17.9324892
20
12.6581331
11
-17.7660039
21
12.8908849
0
LINE
8
layer0
10
-17.7660039
20
12.8908849
11
-17.7039344
21
12.9768926
0
LINE
8
layer0
10
-17.7039344
20
12.9768926
11
-17.6981599
21
12.9997086
0
LINE
8
layer0
10
-17.6981599
20
12.9997086
11
-17.7012294
21
13.02829
0
LINE
8
layer0
10
-17.7012294
20
13.02829
11
-17.7133745
21
13.0622739
0
LINE
8
layer0
10
-17.7133745
20
13.0622739
11
-17.7348162
21
13.1012778
0
LINE
8
layer0
10
-17.7348162
20
13.1012778
11
-17.765778
21
13.1449331
0
LINE
8
layer0
10
-17.765778
20
13.1449331
11
-17.8971441
21
13.3018621
0
LINE
8
layer0
10
-17.8971441
20
13.3018621
11
-18.0505642
21
13.4989738
0
LINE
8
layer0
10
-18.0505642
20
13.4989738
11
-18.216667
21
13.7318566
0
LINE
8
layer0
10
-18.216667
20
13.7318566
11
-18.303207
21
13.8614769
0
LINE
8
layer0
10
-18.303207
20
13.8614769
11
-18.3940207
21
14.0038572
0
LINE
8
layer0
10
-18.3940207
20
14.0038572
11
-18.4856485
21
14.1544135
0
LINE
8
layer0
10
-18.4856485
20
14.1544135
11
-18.5789905
21
14.3152867
0
LINE
8
layer0
10
-18.5789905
20
14.3152867
11
-18.6728016
21
14.484998
0
LINE
8
layer0
10
-18.6728016
20
14.484998
11
-18.7688205
21
14.667639
0
LINE
8
layer0
10
-18.7688205
20
14.667639
11
-18.8576842
21
14.845458
0
ARC
8
layer0
10
0.0000021
20
-0.0000014
40
24
50
139.9502446
51
141.7888868
0
LINE
8
layer0
10
-18.3716609
20
15.4428609
11
-18.1794813
21
15.3920341
0
LINE
8
layer0
10
-18.1794813
20
15.3920341
11
-17.9811248
21
15.335183
0
LINE
8
layer0
10
-17.9811248
20
15.335183
11
-17.7958767
21
15.2778628
0
LINE
8
layer0
10
-17.7958767
20
15.2778628
11
-17.6193774
21
15.2192037
0
LINE
8
layer0
10
-17.6193774
20
15.2192037
11
-17.4533279
21
15.160124
0
LINE
8
layer0
10
-17.4533279
20
15.160124
11
-17.295449
21
15.1001779
0
LINE
8
layer0
10
-17.295449
20
15.1001779
11
-17.1509327
21
15.04182
0
LINE
8
layer0
10
-17.1509327
20
15.04182
11
-16.8891262
21
14.9265728
0
LINE
8
layer0
10
-16.8891262
20
14.9265728
11
-16.6649231
21
14.8164652
0
LINE
8
layer0
10
-16.6649231
20
14.8164652
11
-16.4845492
21
14.7197749
0
LINE
8
layer0
10
-16.4845492
20
14.7197749
11
-16.4355076
21
14.6983426
0
LINE
8
layer0
10
-16.4355076
20
14.6983426
11
-16.3929571
21
14.6852849
0
LINE
8
layer0
10
-16.3929571
20
14.6852849
11
-16.357213
21
14.6803081
0
LINE
8
layer0
10
-16.357213
20
14.6803081
11
-16.3286049
21
14.6831179
0
LINE
8
layer0
10
-16.3286049
20
14.6831179
11
-16.307441
21
14.6934136
0
LINE
8
layer0
10
-16.307441
20
14.6934136
11
-16.2358606
21
14.7716837
0
LINE
8
layer0
10
-16.2358606
20
14.7716837
11
-16.0418494
21
14.9820415
0
LINE
8
layer0
10
-16.0418494
20
14.9820415
11
-15.8452218
21
15.1899557
0
LINE
8
layer0
10
-15.8452218
20
15.1899557
11
-15.772019
21
15.2667106
0
LINE
8
layer0
10
-15.772019
20
15.2667106
11
-15.7631916
21
15.2885278
0
LINE
8
layer0
10
-15.7631916
20
15.2885278
11
-15.7623406
21
15.3172609
0
LINE
8
layer0
10
-15.7623406
20
15.3172609
11
-15.7697451
21
15.352582
0
LINE
8
layer0
10
-15.7697451
20
15.352582
11
-15.7856761
21
15.3941423
0
LINE
8
layer0
10
-15.7856761
20
15.3941423
11
-15.8104051
21
15.4416069
0
LINE
8
layer0
10
-15.8104051
20
15.4416069
11
-15.9191792
21
15.6149619
0
LINE
8
layer0
10
-15.9191792
20
15.6149619
11
-16.0443302
21
15.8311284
0
LINE
8
layer0
10
-16.0443302
20
15.8311284
11
-16.1771751
21
16.0844598
0
LINE
8
layer0
10
-16.1771751
20
16.0844598
11
-16.2452591
21
16.2246567
0
LINE
8
layer0
10
-16.2452591
20
16.2246567
11
-16.3158394
21
16.3780767
0
LINE
8
layer0
10
-16.3158394
20
16.3780767
11
-16.3861131
21
16.5397074
0
LINE
8
layer0
10
-16.3861131
20
16.5397074
11
-16.4566802
21
16.7117922
0
LINE
8
layer0
10
-16.4566802
20
16.7117922
11
-16.5265085
21
16.8926967
0
LINE
8
layer0
10
-16.5265085
20
16.8926967
11
-16.5967634
21
17.0867112
0
LINE
8
layer0
10
-16.5967634
20
17.0867112
11
-16.6605865
21
17.2749743
0
ARC
8
layer0
10
0.000002
20
-0.0000015
40
24
50
132.1241581
51
133.9628004
0
LINE
8
layer0
10
-16.0977437
20
17.8006327
11
-15.9142749
21
17.7241109
0
LINE
8
layer0
10
-15.9142749
20
17.7241109
11
-15.7255071
21
17.6407798
0
LINE
8
layer0
10
-15.7255071
20
17.6407798
11
-15.5497896
21
17.5587689
0
LINE
8
layer0
10
-15.5497896
20
17.5587689
11
-15.3829216
21
17.4766228
0
LINE
8
layer0
10
-15.3829216
20
17.4766228
11
-15.2264634
21
17.3954829
0
LINE
8
layer0
10
-15.2264634
20
17.3954829
11
-15.0782176
21
17.3145973
0
LINE
8
layer0
10
-15.0782176
20
17.3145973
11
-14.9429938
21
17.2371047
0
LINE
8
layer0
10
-14.9429938
20
17.2371047
11
-14.6993186
21
17.0872816
0
LINE
8
layer0
10
-14.6993186
20
17.0872816
11
-14.4921967
21
16.9476706
0
LINE
8
layer0
10
-14.4921967
20
16.9476706
11
-14.3266688
21
16.8273199
0
LINE
8
layer0
10
-14.3266688
20
16.8273199
11
-14.2810024
21
16.7994094
0
LINE
8
layer0
10
-14.2810024
20
16.7994094
11
-14.2406262
21
16.7806794
0
LINE
8
layer0
10
-14.2406262
20
16.7806794
11
-14.2058927
21
16.7708818
0
LINE
8
layer0
10
-14.2058927
20
16.7708818
11
-14.1771685
21
16.76977
0
LINE
8
layer0
10
-14.1771685
20
16.76977
11
-14.1547997
21
16.777088
0
LINE
8
layer0
10
-14.1547997
20
16.777088
11
-14.0732283
21
16.8448822
0
LINE
8
layer0
10
-14.0732283
20
16.8448822
11
-13.8523804
21
17.0268628
0
LINE
8
layer0
10
-13.8523804
20
17.0268628
11
-13.6292732
21
17.2060664
0
LINE
8
layer0
10
-13.6292732
20
17.2060664
11
-13.5463007
21
17.2721386
0
LINE
8
layer0
10
-13.5463007
20
17.2721386
11
-13.5345847
21
17.2925506
0
LINE
8
layer0
10
-13.5345847
20
17.2925506
11
-13.5298293
21
17.3209002
0
LINE
8
layer0
10
-13.5298293
20
17.3209002
11
-13.5323552
21
17.3569006
0
LINE
8
layer0
10
-13.5323552
20
17.3569006
11
-13.5424787
21
17.400243
0
LINE
8
layer0
10
-13.5424787
20
17.400243
11
-13.5605143
21
17.4506329
0
LINE
8
layer0
10
-13.5605143
20
17.4506329
11
-13.64467
21
17.6371846
0
LINE
8
layer0
10
-13.64467
20
17.6371846
11
-13.7392207
21
17.8683791
0
LINE
8
layer0
10
-13.7392207
20
17.8683791
11
-13.836333
21
18.13744
0
LINE
8
layer0
10
-13.836333
20
18.13744
11
-13.8846927
21
18.2856019
0
LINE
8
layer0
10
-13.8846927
20
18.2856019
11
-13.933725
21
18.4472036
0
LINE
8
layer0
10
-13.933725
20
18.4472036
11
-13.9813354
21
18.6168977
0
LINE
8
layer0
10
-13.9813354
20
18.6168977
11
-14.027813
21
18.7969887
0
LINE
8
layer0
10
-14.027813
20
18.7969887
11
-14.0723578
21
18.9857165
0
LINE
8
layer0
10
-14.0723578
20
18.9857165
11
-14.1155401
21
19.1874903
0
LINE
8
layer0
10
-14.1155401
20
19.1874903
11
-14.1531335
21
19.3826904
0
ARC
8
layer0
10
5e-7
20
-0.0000028
40
24
50
124.2980674
51
126.1367096
0
LINE
8
layer0
10
-13.5239559
20
19.8268125
11
-13.3526157
21
19.7260211
0
LINE
8
layer0
10
-13.3526157
20
19.7260211
11
-13.176953
21
19.6177622
0
LINE
8
layer0
10
-13.176953
20
19.6177622
11
-13.0140393
21
19.5125883
0
LINE
8
layer0
10
-13.0140393
20
19.5125883
11
-12.8599111
21
19.4084855
0
LINE
8
layer0
10
-12.8599111
20
19.4084855
11
-12.7159587
21
19.306797
0
LINE
8
layer0
10
-12.7159587
20
19.306797
11
-12.5801076
21
19.2064786
0
LINE
8
layer0
10
-12.5801076
20
19.2064786
11
-12.4566951
21
19.1112948
0
LINE
8
layer0
10
-12.4566951
20
19.1112948
11
-12.2356905
21
18.9296867
0
LINE
8
layer0
10
-12.2356905
20
18.9296867
11
-12.049508
21
18.7631729
0
LINE
8
layer0
10
-12.049508
20
18.7631729
11
-11.9019097
21
18.6214038
0
LINE
8
layer0
10
-11.9019097
20
18.6214038
11
-11.860469
21
18.5875351
0
LINE
8
layer0
10
-11.860469
20
18.5875351
11
-11.8230193
21
18.5634816
0
LINE
8
layer0
10
-11.8230193
20
18.5634816
11
-11.7899434
21
18.5490457
0
LINE
8
layer0
10
-11.7899434
20
18.5490457
11
-11.7616382
21
18.5440329
0
LINE
8
layer0
10
-11.7616382
20
18.5440329
11
-11.7384813
21
18.5482369
0
LINE
8
layer0
10
-11.7384813
20
18.5482369
11
-11.6484383
21
18.6042924
0
LINE
8
layer0
10
-11.6484383
20
18.6042924
11
-11.4048677
21
18.7545059
0
LINE
8
layer0
10
-11.4048677
20
18.7545059
11
-11.159437
21
18.9016607
0
LINE
8
layer0
10
-11.159437
20
18.9016607
11
-11.0682405
21
18.9558193
0
LINE
8
layer0
10
-11.0682405
20
18.9558193
11
-11.0538542
21
18.9744459
0
LINE
8
layer0
10
-11.0538542
20
18.9744459
11
-11.0452828
21
19.0018839
0
LINE
8
layer0
10
-11.0452828
20
19.0018839
11
-11.0428831
21
19.037893
0
LINE
8
layer0
10
-11.0428831
20
19.037893
11
-11.0470105
21
19.0822102
0
LINE
8
layer0
10
-11.0470105
20
19.0822102
11
-11.0580167
21
19.1345865
0
LINE
8
layer0
10
-11.0580167
20
19.1345865
11
-11.1159865
21
19.3308599
0
LINE
8
layer0
10
-11.1159865
20
19.3308599
11
-11.1781756
21
19.5727757
0
LINE
8
layer0
10
-11.1781756
20
19.5727757
11
-11.2377462
21
19.8525541
0
LINE
8
layer0
10
-11.2377462
20
19.8525541
11
-11.2654808
21
20.0059209
0
LINE
8
layer0
10
-11.2654808
20
20.0059209
11
-11.2920516
21
20.172694
0
LINE
8
layer0
10
-11.2920516
20
20.172694
11
-11.3161119
21
20.3472906
0
LINE
8
layer0
10
-11.3161119
20
20.3472906
11
-11.3376342
21
20.5320328
0
LINE
8
layer0
10
-11.3376342
20
20.5320328
11
-11.3560657
21
20.7250683
0
LINE
8
layer0
10
-11.3560657
20
20.7250683
11
-11.3713709
21
20.9308427
0
LINE
8
layer0
10
-11.3713709
20
20.9308427
11
-11.3820344
21
21.1293438
0
ARC
8
layer0
10
0.0000023
20
-0.0000017
40
24
50
116.4719861
51
118.3106283
0
LINE
8
layer0
10
-10.6982424
20
21.4836562
11
-10.5422225
21
21.3604728
0
LINE
8
layer0
10
-10.5422225
20
21.3604728
11
-10.3829372
21
21.2293028
0
LINE
8
layer0
10
-10.3829372
20
21.2293028
11
-10.2358621
21
21.1029251
0
LINE
8
layer0
10
-10.2358621
20
21.1029251
11
-10.0973447
21
20.9788048
0
LINE
8
layer0
10
-10.0973447
20
20.9788048
11
-9.9685797
21
20.8584619
0
LINE
8
layer0
10
-9.9685797
20
20.8584619
11
-9.8476539
21
20.7405795
0
LINE
8
layer0
10
-9.8476539
20
20.7405795
11
-9.7383518
21
20.6294776
0
LINE
8
layer0
10
-9.7383518
20
20.6294776
11
-9.5441346
21
20.4194675
0
LINE
8
layer0
10
-9.5441346
20
20.4194675
11
-9.3823599
21
20.2291528
0
LINE
8
layer0
10
-9.3823599
20
20.2291528
11
-9.2554405
21
20.0686062
0
LINE
8
layer0
10
-9.2554405
20
20.0686062
11
-9.2189976
21
20.0294101
0
LINE
8
layer0
10
-9.2189976
20
20.0294101
11
-9.185172
21
20.0004813
0
LINE
8
layer0
10
-9.185172
20
20.0004813
11
-9.1543699
21
19.981676
0
LINE
8
layer0
10
-9.1543699
20
19.981676
11
-9.1270108
21
19.9728557
0
LINE
8
layer0
10
-9.1270108
20
19.9728557
11
-9.1034972
21
19.9738673
0
LINE
8
layer0
10
-9.1034972
20
19.9738673
11
-9.00666
21
20.0171398
0
LINE
8
layer0
10
-9.00666
20
20.0171398
11
-8.7449039
21
20.1327881
0
LINE
8
layer0
10
-8.7449039
20
20.1327881
11
-8.4817216
21
20.2451527
0
LINE
8
layer0
10
-8.4817216
20
20.2451527
11
-8.3839999
21
20.286389
0
LINE
8
layer0
10
-8.3839999
20
20.286389
11
-8.3672113
21
20.3028832
0
LINE
8
layer0
10
-8.3672113
20
20.3028832
11
-8.3549835
21
20.3288985
0
LINE
8
layer0
10
-8.3549835
20
20.3288985
11
-8.347703
21
20.3642454
0
LINE
8
layer0
10
-8.347703
20
20.3642454
11
-8.3457574
21
20.4087118
0
LINE
8
layer0
10
-8.3457574
20
20.4087118
11
-8.3495292
21
20.462099
0
LINE
8
layer0
10
-8.3495292
20
20.462099
11
-8.3802332
21
20.6644379
0
LINE
8
layer0
10
-8.3802332
20
20.6644379
11
-8.4089022
21
20.9125685
0
LINE
8
layer0
10
-8.4089022
20
20.9125685
11
-8.4298215
21
21.1978525
0
LINE
8
layer0
10
-8.4298215
20
21.1978525
11
-8.4364143
21
21.3535674
0
LINE
8
layer0
10
-8.4364143
20
21.3535674
11
-8.4400287
21
21.5224053
0
LINE
8
layer0
10
-8.4400287
20
21.5224053
11
-8.4400907
21
21.6986518
0
LINE
8
layer0
10
-8.4400907
20
21.6986518
11
-8.4362568
21
21.884604
0
LINE
8
layer0
10
-8.4362568
20
21.884604
11
-8.4282316
21
22.0783513
0
LINE
8
layer0
10
-8.4282316
20
22.0783513
11
-8.4153746
21
22.2842932
0
LINE
8
layer0
10
-8.4153746
20
22.2842932
11
-8.3989096
21
22.4823974
0
ARC
8
layer0
10
4e-7
20
-0.0000026
40
24
50
108.645895
51
110.4845373
0
LINE
8
layer0
10
-7.673241
20
22.7403001
11
-7.5354477
21
22.5970193
0
LINE
8
layer0
10
-7.5354477
20
22.5970193
11
-7.395507
21
22.4453817
0
LINE
8
layer0
10
-7.395507
20
22.4453817
11
-7.2670101
21
22.3001544
0
LINE
8
layer0
10
-7.2670101
20
22.3001544
11
-7.146684
21
22.1583287
0
LINE
8
layer0
10
-7.146684
20
22.1583287
11
-7.0355049
21
22.0215732
0
LINE
8
layer0
10
-7.0355049
20
22.0215732
11
-6.9317571
21
21.8883227
0
LINE
8
layer0
10
-6.9317571
20
21.8883227
11
-6.8386015
21
21.7633723
0
LINE
8
layer0
10
-6.8386015
20
21.7633723
11
-6.6747895
21
21.5288723
0
LINE
8
layer0
10
-6.6747895
20
21.5288723
11
-6.5404361
21
21.3183019
0
LINE
8
layer0
10
-6.5404361
20
21.3183019
11
-6.4365599
21
21.1419685
0
LINE
8
layer0
10
-6.4365599
20
21.1419685
11
-6.4057937
21
21.0981751
0
LINE
8
layer0
10
-6.4057937
20
21.0981751
11
-6.3762223
21
21.0649098
0
LINE
8
layer0
10
-6.3762223
20
21.0649098
11
-6.3482677
21
21.0420855
0
LINE
8
layer0
10
-6.3482677
20
21.0420855
11
-6.3223645
21
21.0296219
0
LINE
8
layer0
10
-6.3223645
20
21.0296219
11
-6.2989321
21
21.0274223
0
LINE
8
layer0
10
-6.2989321
20
21.0274223
11
-6.1971046
21
21.0571058
0
LINE
8
layer0
10
-6.1971046
20
21.0571058
11
-5.9220391
21
21.1360345
0
LINE
8
layer0
10
-5.9220391
20
21.1360345
11
-5.6460078
21
21.2115159
0
LINE
8
layer0
10
-5.6460078
20
21.2115159
11
-5.5435813
21
21.2390617
0
LINE
8
layer0
10
-5.5435813
20
21.2390617
11
-5.5247031
21
21.2531161
0
LINE
8
layer0
10
-5.5247031
20
21.2531161
11
-5.5090468
21
21.2772242
0
LINE
8
layer0
10
-5.5090468
20
21.2772242
11
-5.497021
21
21.3112505
0
LINE
8
layer0
10
-5.497021
20
21.3112505
11
-5.4890387
21
21.3550378
0
LINE
8
layer0
10
-5.4890387
20
21.3550378
11
-5.4855058
21
21.4084413
0
LINE
8
layer0
10
-5.4855058
20
21.4084413
11
-5.488372
21
21.6130765
0
LINE
8
layer0
10
-5.488372
20
21.6130765
11
-5.4829868
21
21.8627998
0
LINE
8
layer0
10
-5.4829868
20
21.8627998
11
-5.4648651
21
22.1482752
0
LINE
8
layer0
10
-5.4648651
20
22.1482752
11
-5.4501933
21
22.3034374
0
LINE
8
layer0
10
-5.4501933
20
22.3034374
11
-5.430784
21
22.4711949
0
LINE
8
layer0
10
-5.430784
20
22.4711949
11
-5.4068465
21
22.6458083
0
LINE
8
layer0
10
-5.4068465
20
22.6458083
11
-5.3777279
21
22.8295064
0
LINE
8
layer0
10
-5.3777279
20
22.8295064
11
-5.3433954
21
23.0203564
0
LINE
8
layer0
10
-5.3433954
20
23.0203564
11
-5.3026158
21
23.2226295
0
LINE
8
layer0
10
-5.3026158
20
23.2226295
11
-5.259329
21
23.4166465
0
ARC
8
layer0
10
0
20
-0.0000027
40
24
50
100.8198081
51
102.6584502
0
LINE
8
layer0
10
-4.5053015
20
23.5733353
11
-4.3883017
21
23.4126261
0
LINE
8
layer0
10
-4.3883017
20
23.4126261
11
-4.2703124
21
23.2433456
0
LINE
8
layer0
10
-4.2703124
20
23.2433456
11
-4.1627875
21
23.0819739
0
LINE
8
layer0
10
-4.1627875
20
23.0819739
11
-4.062894
21
22.9250848
0
LINE
8
layer0
10
-4.062894
20
22.9250848
11
-3.971372
21
22.7744642
0
LINE
8
layer0
10
-3.971372
20
22.7744642
11
-3.8867348
21
22.6283278
0
LINE
8
layer0
10
-3.8867348
20
22.6283278
11
-3.8114609
21
22.4918565
0
LINE
8
layer0
10
-3.8114609
20
22.4918565
11
-3.6811058
21
22.237235
0
LINE
8
layer0
10
-3.6811058
20
22.237235
11
-3.5766764
21
22.0103314
0
LINE
8
layer0
10
-3.5766764
20
22.0103314
11
-3.4977785
21
21.8214958
0
LINE
8
layer0
10
-3.4977785
20
21.8214958
11
-3.473262
21
21.773921
0
LINE
8
layer0
10
-3.473262
20
21.773921
11
-3.4484956
21
21.7369389
0
LINE
8
layer0
10
-3.4484956
20
21.7369389
11
-3.4239093
21
21.7105207
0
LINE
8
layer0
10
-3.4239093
20
21.7105207
11
-3.3999445
21
21.6946461
0
LINE
8
layer0
10
-3.3999445
20
21.6946461
11
-3.3770299
21
21.6892762
0
LINE
8
layer0
10
-3.3770299
20
21.6892762
11
-3.2721089
21
21.7048177
0
LINE
8
layer0
10
-3.2721089
20
21.7048177
11
-2.9888579
21
21.7455565
0
LINE
8
layer0
10
-2.9888579
20
21.7455565
11
-2.7051195
21
21.7827486
0
LINE
8
layer0
10
-2.7051195
20
21.7827486
11
-2.5998962
21
21.7960908
0
LINE
8
layer0
10
-2.5998962
20
21.7960908
11
-2.5792801
21
21.8074438
0
LINE
8
layer0
10
-2.5792801
20
21.8074438
11
-2.5604869
21
21.8291954
0
LINE
8
layer0
10
-2.5604869
20
21.8291954
11
-2.5439399
21
21.8612673
0
LINE
8
layer0
10
-2.5439399
20
21.8612673
11
-2.5300696
21
21.9035598
0
LINE
8
layer0
10
-2.5300696
20
21.9035598
11
-2.5192978
21
21.9559849
0
LINE
8
layer0
10
-2.5192978
20
21.9559849
11
-2.4942728
21
22.1591043
0
LINE
8
layer0
10
-2.4942728
20
22.1591043
11
-2.4549338
21
22.4057684
0
LINE
8
layer0
10
-2.4549338
20
22.4057684
11
-2.3981087
21
22.6861173
0
LINE
8
layer0
10
-2.3981087
20
22.6861173
11
-2.3624456
21
22.8378365
0
LINE
8
layer0
10
-2.3624456
20
22.8378365
11
-2.3203741
21
23.0013886
0
LINE
8
layer0
10
-2.3203741
20
23.0013886
11
-2.272883
21
23.1711162
0
LINE
8
layer0
10
-2.272883
20
23.1711162
11
-2.219022
21
23.3491383
0
LINE
8
layer0
10
-2.219022
20
23.3491383
11
-2.159022
21
23.5335358
0
LINE
8
layer0
10
-2.159022
20
23.5335358
11
-2.0910793
21
23.7283721
0
LINE
8
layer0
10
-2.0910793
20
23.7283721
11
-2.021777
21
23.9146878
0
ARC
8
layer0
10
-1e-7
20
-0.0000026
40
24
50
92.9937217
51
94.8323638
0
LINE
8
layer0
10
-1.2534368
20
23.9672437
11
-1.15941
21
23.7921
0
LINE
8
layer0
10
-1.15941
20
23.7921
11
-1.06557
21
23.60833
0
LINE
8
layer0
10
-1.06557
20
23.60833
11
-0.98102
21
23.43382
0
LINE
8
layer0
10
-0.98102
20
23.43382
11
-0.90342
21
23.26479
0
LINE
8
layer0
10
-0.90342
20
23.26479
11
-0.83326
21
23.10311
0
LINE
8
layer0
10
-0.83326
20
23.10311
11
-0.76931
21
22.94681
0
LINE
8
layer0
10
-0.76931
20
22.94681
11
-0.71332
21
22.80136
0
LINE
8
layer0
10
-0.71332
20
22.80136
11
-0.61885
21
22.53136
0
LINE
8
layer0
10
-0.61885
20
22.53136
11
-0.54629
21
22.29235
0
LINE
8
layer0
10
-0.54629
20
22.29235
11
-0.49384
21
22.09453
0
LINE
8
layer0
10
-0.49384
20
22.09453
11
-0.47603
21
22.04406
0
LINE
8
layer0
10
-0.47603
20
22.04406
11
-0.45653
21
22.00405
0
LINE
8
layer0
10
-0.45653
20
22.00405
11
-0.43577
21
21.97453
0
LINE
8
layer0
10
-0.43577
20
21.97453
11
-0.41419
21
21.95554
0
LINE
8
layer0
10
-0.41419
20
21.95554
11
-0.39222
21
21.9471
0
LINE
8
layer0
10
-0.39222
20
21.9471
11
-0.28616
21
21.94821
0
LINE
8
layer0
10
-0.28616
20
21.94821
11
0
21
21.95
0
LINE
8
layer0
10
0
20
21.95
11
0.28616
21
21.94821
0
LINE
8
layer0
10
0.28616
20
21.94821
11
0.39222
21
21.9471
0
LINE
8
layer0
10
0.39222
20
21.9471
11
0.41419
21
21.95554
0
LINE
8
layer0
10
0.41419
20
21.95554
11
0.43577
21
21.97453
0
LINE
8
layer0
10
0.43577
20
21.97453
11
0.45653
21
22.00405
0
LINE
8
layer0
10
0.45653
20
22.00405
11
0.47603
21
22.04406
0
LINE
8
layer0
10
0.47603
20
22.04406
11
0.49384
21
22.09453
0
LINE
8
layer0
10
0.49384
20
22.09453
11
0.54629
21
22.29235
0
LINE
8
layer0
10
0.54629
20
22.29235
11
0.61885
21
22.53136
0
LINE
8
layer0
10
0.61885
20
22.53136
11
0.71332
21
22.80136
0
LINE
8
layer0
10
0.71332
20
22.80136
11
0.76931
21
22.94681
0
LINE
8
layer0
10
0.76931
20
22.94681
11
0.83326
21
23.10311
0
LINE
8
layer0
10
0.83326
20
23.10311
11
0.90342
21
23.26479
0
LINE
8
layer0
10
0.90342
20
23.26479
11
0.98102
21
23.43382
0
LINE
8
layer0
10
0.98102
20
23.43382
11
1.06557
21
23.60833
0
LINE
8
layer0
10
1.06557
20
23.60833
11
1.15941
21
23.7921
0
LINE
8
layer0
10
1.15941
20
23.7921
11
1.2534368
21
23.9672437
0
ARC
8
layer0
10
1e-7
20
-0.0000026
40
24
50
85.1676362
51
87.0062783
0
LINE
8
layer0
10
2.021777
20
23.9146878
11
2.0910793
21
23.7283721
0
LINE
8
layer0
10
2.0910793
20
23.7283721
11
2.159022
21
23.5335358
0
LINE
8
layer0
10
2.159022
20
23.5335358
11
2.219022
21
23.3491383
0
LINE
8
layer0
10
2.219022
20
23.3491383
11
2.272883
21
23.1711162
0
LINE
8
layer0
10
2.272883
20
23.1711162
11
2.3203741
21
23.0013886
0
LINE
8
layer0
10
2.3203741
20
23.0013886
11
2.3624456
21
22.8378365
0
LINE
8
layer0
10
2.3624456
20
22.8378365
11
2.3981087
21
22.6861173
0
LINE
8
layer0
10
2.3981087
20
22.6861173
11
2.4549338
21
22.4057684
0
LINE
8
layer0
10
2.4549338
20
22.4057684
11
2.4942728
21
22.1591043
0
LINE
8
layer0
10
2.4942728
20
22.1591043
11
2.5192978
21
21.9559849
0
LINE
8
layer0
10
2.5192978
20
21.9559849
11
2.5300696
21
21.9035598
0
LINE
8
layer0
10
2.5300696
20
21.9035598
11
2.5439399
21
21.8612673
0
LINE
8
layer0
10
2.5439399
20
21.8612673
11
2.5604869
21
21.8291954
0
LINE
8
layer0
10
2.5604869
20
21.8291954
11
2.5792801
21
21.8074438
0
LINE
8
layer0
10
2.5792801
20
21.8074438
11
2.5998962
21
21.7960908
0
LINE
8
layer0
10
2.5998962
20
21.7960908
11
2.7051195
21
21.7827486
0
LINE
8
layer0
10
2.7051195
20
21.7827486
11
2.9888579
21
21.7455565
0
LINE
8
layer0
10
2.9888579
20
21.7455565
11
3.2721089
21
21.7048177
0
LINE
8
layer0
10
3.2721089
20
21.7048177
11
3.3770299
21
21.6892762
0
LINE
8
layer0
10
3.3770299
20
21.6892762
11
3.3999445
21
21.6946461
0
LINE
8
layer0
10
3.3999445
20
21.6946461
11
3.4239093
21
21.7105207
0
LINE
8
layer0
10
3.4239093
20
21.7105207
11
3.4484956
21
21.7369389
0
LINE
8
layer0
10
3.4484956
20
21.7369389
11
3.473262
21
21.773921
0
LINE
8
layer0
10
3.473262
20
21.773921
11
3.4977785
21
21.8214958
0
LINE
8
layer0
10
3.4977785
20
21.8214958
11
3.5766764
21
22.0103314
0
LINE
8
layer0
10
3.5766764
20
22.0103314
11
3.6811058
21
22.237235
0
LINE
8
layer0
10
3.6811058
20
22.237235
11
3.8114609
21
22.4918565
0
LINE
8
layer0
10
3.8114609
20
22.4918565
11
3.8867348
21
22.6283278
0
LINE
8
layer0
10
3.8867348
20
22.6283278
11
3.971372
21
22.7744642
0
LINE
8
layer0
10
3.971372
20
22.7744642
11
4.062894
21
22.9250848
0
LINE
8
layer0
10
4.062894
20
22.9250848
11
4.1627875
21
23.0819739
0
LINE
8
layer0
10
4.1627875
20
23.0819739
11
4.2703124
21
23.2433456
0
LINE
8
layer0
10
4.2703124
20
23.2433456
11
4.3883017
21
23.4126261
0
LINE
8
layer0
10
4.3883017
20
23.4126261
11
4.5053015
21
23.5733353
0
ARC
8
layer0
10
0
20
-0.0000026
40
24
50
77.3415498
51
79.1801919
0
LINE
8
layer0
10
5.259329
20
23.4166465
11
5.3026158
21
23.2226295
0
LINE
8
layer0
10
5.3026158
20
23.2226295
11
5.3433954
21
23.0203564
0
LINE
8
layer0
10
5.3433954
20
23.0203564
11
5.3777279
21
22.8295064
0
LINE
8
layer0
10
5.3777279
20
22.8295064
11
5.4068465
21
22.6458083
0
LINE
8
layer0
10
5.4068465
20
22.6458083
11
5.430784
21
22.4711949
0
LINE
8
layer0
10
5.430784
20
22.4711949
11
5.4501933
21
22.3034374
0
LINE
8
layer0
10
5.4501933
20
22.3034374
11
5.4648651
21
22.1482752
0
LINE
8
layer0
10
5.4648651
20
22.1482752
11
5.4829868
21
21.8627998
0
LINE
8
layer0
10
5.4829868
20
21.8627998
11
5.488372
21
21.6130765
0
LINE
8
layer0
10
5.488372
20
21.6130765
11
5.4855058
21
21.4084413
0
LINE
8
layer0
10
5.4855058
20
21.4084413
11
5.4890387
21
21.3550378
0
LINE
8
layer0
10
5.4890387
20
21.3550378
11
5.497021
21
21.3112505
0
LINE
8
layer0
10
5.497021
20
21.3112505
11
5.5090468
21
21.2772242
0
LINE
8
layer0
10
5.5090468
20
21.2772242
11
5.5247031
21
21.2531161
0
LINE
8
layer0
10
5.5247031
20
21.2531161
11
5.5435813
21
21.2390617
0
LINE
8
layer0
10
5.5435813
20
21.2390617
11
5.6460078
21
21.2115159
0
LINE
8
layer0
10
5.6460078
20
21.2115159
11
5.9220391
21
21.1360345
0
LINE
8
layer0
10
5.9220391
20
21.1360345
11
6.1971046
21
21.0571058
0
LINE
8
layer0
10
6.1971046
20
21.0571058
11
6.2989321
21
21.0274223
0
LINE
8
layer0
10
6.2989321
20
21.0274223
11
6.3223645
21
21.0296219
0
LINE
8
layer0
10
6.3223645
20
21.0296219
11
6.3482677
21
21.0420855
0
LINE
8
layer0
10
6.3482677
20
21.0420855
11
6.3762223
21
21.0649098
0
LINE
8
layer0
10
6.3762223
20
21.0649098
11
6.4057937
21
21.0981751
0
LINE
8
layer0
10
6.4057937
20
21.0981751
11
6.4365599
21
21.1419685
0
LINE
8
layer0
10
6.4365599
20
21.1419685
11
6.5404361
21
21.3183019
0
LINE
8
layer0
10
6.5404361
20
21.3183019
11
6.6747895
21
21.5288723
0
LINE
8
layer0
10
6.6747895
20
21.5288723
11
6.8386015
21
21.7633723
0
LINE
8
layer0
10
6.8386015
20
21.7633723
11
6.9317571
21
21.8883227
0
LINE
8
layer0
10
6.9317571
20
21.8883227
11
7.0355049
21
22.0215732
0
LINE
8
layer0
10
7.0355049
20
22.0215732
11
7.146684
21
22.1583287
0
LINE
8
layer0
10
7.146684
20
22.1583287
11
7.2670101
21
22.3001544
0
LINE
8
layer0
10
7.2670101
20
22.3001544
11
7.395507
21
22.4453817
0
LINE
8
layer0
10
7.395507
20
22.4453817
11
7.5354477
21
22.5970193
0
LINE
8
layer0
10
7.5354477
20
22.5970193
11
7.673241
21
22.7403001
0
ARC
8
layer0
10
-3e-7
20
-0.0000026
40
24
50
69.5154627
51
71.354105
0
LINE
8
layer0
10
8.3989096
20
22.4823974
11
8.4153746
21
22.2842932
0
LINE
8
layer0
10
8.4153746
20
22.2842932
11
8.4282316
21
22.0783513
0
LINE
8
layer0
10
8.4282316
20
22.0783513
11
8.4362568
21
21.884604
0
LINE
8
layer0
10
8.4362568
20
21.884604
11
8.4400907
21
21.6986518
0
LINE
8
layer0
10
8.4400907
20
21.6986518
11
8.4400287
21
21.5224053
0
LINE
8
layer0
10
8.4400287
20
21.5224053
11
8.4364143
21
21.3535674
0
LINE
8
layer0
10
8.4364143
20
21.3535674
11
8.4298215
21
21.1978525
0
LINE
8
layer0
10
8.4298215
20
21.1978525
11
8.4089022
21
20.9125685
0
LINE
8
layer0
10
8.4089022
20
20.9125685
11
8.3802332
21
20.6644379
0
LINE
8
layer0
10
8.3802332
20
20.6644379
11
8.3495292
21
20.462099
0
LINE
8
layer0
10
8.3495292
20
20.462099
11
8.3457574
21
20.4087118
0
LINE
8
layer0
10
8.3457574
20
20.4087118
11
8.347703
21
20.3642454
0
LINE
8
layer0
10
8.347703
20
20.3642454
11
8.3549835
21
20.3288985
0
LINE
8
layer0
10
8.3549835
20
20.3288985
11
8.3672113
21
20.3028832
0
LINE
8
layer0
10
8.3672113
20
20.3028832
11
8.3839999
21
20.286389
0
LINE
8
layer0
10
8.3839999
20
20.286389
11
8.4817216
21
20.2451527
0
LINE
8
layer0
10
8.4817216
20
20.2451527
11
8.7449039
21
20.1327881
0
LINE
8
layer0
10
8.7449039
20
20.1327881
11
9.00666
21
20.0171398
0
LINE
8
layer0
10
9.00666
20
20.0171398
11
9.1034972
21
19.9738673
0
LINE
8
layer0
10
9.1034972
20
19.9738673
11
9.1270108
21
19.9728557
0
LINE
8
layer0
10
9.1270108
20
19.9728557
11
9.1543699
21
19.981676
0
LINE
8
layer0
10
9.1543699
20
19.981676
11
9.185172
21
20.0004813
0
LINE
8
layer0
10
9.185172
20
20.0004813
11
9.2189976
21
20.0294101
0
LINE
8
layer0
10
9.2189976
20
20.0294101
11
9.2554405
21
20.0686062
0
LINE
8
layer0
10
9.2554405
20
20.0686062
11
9.3823599
21
20.2291528
0
LINE
8
layer0
10
9.3823599
20
20.2291528
11
9.5441346
21
20.4194675
0
LINE
8
layer0
10
9.5441346
20
20.4194675
11
9.7383518
21
20.6294776
0
LINE
8
layer0
10
9.7383518
20
20.6294776
11
9.8476539
21
20.7405795
0
LINE
8
layer0
10
9.8476539
20
20.7405795
11
9.9685797
21
20.8584619
0
LINE
8
layer0
10
9.9685797
20
20.8584619
11
10.0973447
21
20.9788048
0
LINE
8
layer0
10
10.0973447
20
20.9788048
11
10.2358621
21
21.1029251
0
LINE
8
layer0
10
10.2358621
20
21.1029251
11
10.3829372
21
21.2293028
0
LINE
8
layer0
10
10.3829372
20
21.2293028
11
10.5422225
21
21.3604728
0
LINE
8
layer0
10
10.5422225
20
21.3604728
11
10.6982424
21
21.4836562
0
ARC
8
layer0
10
-0.0000023
20
-0.0000018
40
24
50
61.6893717
51
63.5280139
0
LINE
8
layer0
10
11.3820344
20
21.1293438
11
11.3713709
21
20.9308427
0
LINE
8
layer0
10
11.3713709
20
20.9308427
11
11.3560657
21
20.7250683
0
LINE
8
layer0
10
11.3560657
20
20.7250683
11
11.3376342
21
20.5320328
0
LINE
8
layer0
10
11.3376342
20
20.5320328
11
11.3161119
21
20.3472906
0
LINE
8
layer0
10
11.3161119
20
20.3472906
11
11.2920516
21
20.172694
0
LINE
8
layer0
10
11.2920516
20
20.172694
11
11.2654808
21
20.0059209
0
LINE
8
layer0
10
11.2654808
20
20.0059209
11
11.2377462
21
19.8525541
0
LINE
8
layer0
10
11.2377462
20
19.8525541
11
11.1781756
21
19.5727757
0
LINE
8
layer0
10
11.1781756
20
19.5727757
11
11.1159865
21
19.3308599
0
LINE
8
layer0
10
11.1159865
20
19.3308599
11
11.0580167
21
19.1345865
0
LINE
8
layer0
10
11.0580167
20
19.1345865
11
11.0470105
21
19.0822102
0
LINE
8
layer0
10
11.0470105
20
19.0822102
11
11.0428831
21
19.037893
0
LINE
8
layer0
10
11.0428831
20
19.037893
11
11.0452828
21
19.0018839
0
LINE
8
layer0
10
11.0452828
20
19.0018839
11
11.0538542
21
18.9744459
0
LINE
8
layer0
10
11.0538542
20
18.9744459
11
11.0682405
21
18.9558193
0
LINE
8
layer0
10
11.0682405
20
18.9558193
11
11.159437
21
18.9016607
0
LINE
8
layer0
10
11.159437
20
18.9016607
11
11.4048677
21
18.7545059
0
LINE
8
layer0
10
11.4048677
20
18.7545059
11
11.6484383
21
18.6042924
0
LINE
8
layer0
10
11.6484383
20
18.6042924
11
11.7384813
21
18.5482369
0
LINE
8
layer0
10
11.7384813
20
18.5482369
11
11.7616382
21
18.5440329
0
LINE
8
layer0
10
11.7616382
20
18.5440329
11
11.7899434
21
18.5490457
0
LINE
8
layer0
10
11.7899434
20
18.5490457
11
11.8230193
21
18.5634816
0
LINE
8
layer0
10
11.8230193
20
18.5634816
11
11.860469
21
18.5875351
0
LINE
8
layer0
10
11.860469
20
18.5875351
11
11.9019097
21
18.6214038
0
LINE
8
layer0
10
11.9019097
20
18.6214038
11
12.049508
21
18.7631729
0
LINE
8
layer0
10
12.049508
20
18.7631729
11
12.2356905
21
18.9296867
0
LINE
8
layer0
10
12.2356905
20
18.9296867
11
12.4566951
21
19.1112948
0
LINE
8
layer0
10
12.4566951
20
19.1112948
11
12.5801076
21
19.2064786
0
LINE
8
layer0
10
12.5801076
20
19.2064786
11
12.7159587
21
19.306797
0
LINE
8
layer0
10
12.7159587
20
19.306797
11
12.8599111
21
19.4084855
0
LINE
8
layer0
10
12.8599111
20
19.4084855
11
13.0140393
21
19.5125883
0
LINE
8
layer0
10
13.0140393
20
19.5125883
11
13.176953
21
19.6177622
0
LINE
8
layer0
10
13.176953
20
19.6177622
11
13.3526157
21
19.7260211
0
LINE
8
layer0
10
13.3526157
20
19.7260211
11
13.5239559
21
19.8268125
0
ARC
8
layer0
10
-5e-7
20
-0.0000028
40
24
50
53.8632906
51
55.7019327
0
LINE
8
layer0
10
14.1531335
20
19.3826904
11
14.1155401
21
19.1874903
0
LINE
8
layer0
10
14.1155401
20
19.1874903
11
14.0723578
21
18.9857165
0
LINE
8
layer0
10
14.0723578
20
18.9857165
11
14.027813
21
18.7969887
0
LINE
8
layer0
10
14.027813
20
18.7969887
11
13.9813354
21
18.6168977
0
LINE
8
layer0
10
13.9813354
20
18.6168977
11
13.933725
21
18.4472036
0
LINE
8
layer0
10
13.933725
20
18.4472036
11
13.8846927
21
18.2856019
0
LINE
8
layer0
10
13.8846927
20
18.2856019
11
13.836333
21
18.13744
0
LINE
8
layer0
10
13.836333
20
18.13744
11
13.7392207
21
17.8683791
0
LINE
8
layer0
10
13.7392207
20
17.8683791
11
13.64467
21
17.6371846
0
LINE
8
layer0
10
13.64467
20
17.6371846
11
13.5605143
21
17.4506329
0
LINE
8
layer0
10
13.5605143
20
17.4506329
11
13.5424787
21
17.400243
0
LINE
8
layer0
10
13.5424787
20
17.400243
11
13.5323552
21
17.3569006
0
LINE
8
layer0
10
13.5323552
20
17.3569006
11
13.5298293
21
17.3209002
0
LINE
8
layer0
10
13.5298293
20
17.3209002
11
13.5345847
21
17.2925506
0
LINE
8
layer0
10
13.5345847
20
17.2925506
11
13.5463007
21
17.2721386
0
LINE
8
layer0
10
13.5463007
20
17.2721386
11
13.6292732
21
17.2060664
0
LINE
8
layer0
10
13.6292732
20
17.2060664
11
13.8523804
21
17.0268628
0
LINE
8
layer0
10
13.8523804
20
17.0268628
11
14.0732283
21
16.8448822
0
LINE
8
layer0
10
14.0732283
20
16.8448822
11
14.1547997
21
16.777088
0
LINE
8
layer0
10
14.1547997
20
16.777088
11
14.1771685
21
16.76977
0
LINE
8
layer0
10
14.1771685
20
16.76977
11
14.2058927
21
16.7708818
0
LINE
8
layer0
10
14.2058927
20
16.7708818
11
14.2406262
21
16.7806794
0
LINE
8
layer0
10
14.2406262
20
16.7806794
11
14.2810024
21
16.7994094
0
LINE
8
layer0
10
14.2810024
20
16.7994094
11
14.3266688
21
16.8273199
0
LINE
8
layer0
10
14.3266688
20
16.8273199
11
14.4921967
21
16.9476706
0
LINE
8
layer0
10
14.4921967
20
16.9476706
11
14.6993186
21
17.0872816
0
LINE
8
layer0
10
14.6993186
20
17.0872816
11
14.9429938
21
17.2371047
0
LINE
8
layer0
10
14.9429938
20
17.2371047
11
15.0782176
21
17.3145973
0
LINE
8
layer0
10
15.0782176
20
17.3145973
11
15.2264634
21
17.3954829
0
LINE
8
layer0
10
15.2264634
20
17.3954829
11
15.3829216
21
17.4766228
0
LINE
8
layer0
10
15.3829216
20
17.4766228
11
15.5497896
21
17.5587689
0
LINE
8
layer0
10
15.5497896
20
17.5587689
11
15.7255071
21
17.6407798
0
LINE
8
layer0
10
15.7255071
20
17.6407798
11
15.9142749
21
17.7241109
0
LINE
8
layer0
10
15.9142749
20
17.7241109
11
16.0977437
21
17.8006327
0
ARC
8
layer0
10
-0.0000021
20
-0.0000016
40
24
50
46.0371994
51
47.8758417
0
LINE
8
layer0
10
16.6605865
20
17.2749743
11
16.5967634
21
17.0867112
0
LINE
8
layer0
10
16.5967634
20
17.0867112
11
16.5265085
21
16.8926967
0
LINE
8
layer0
10
16.5265085
20
16.8926967
11
16.4566802
21
16.7117922
0
LINE
8
layer0
10
16.4566802
20
16.7117922
11
16.3861131
21
16.5397074
0
LINE
8
layer0
10
16.3861131
20
16.5397074
11
16.3158394
21
16.3780767
0
LINE
8
layer0
10
16.3158394
20
16.3780767
11
16.2452591
21
16.2246567
0
LINE
8
layer0
10
16.2452591
20
16.2246567
11
16.1771751
21
16.0844598
0
LINE
8
layer0
10
16.1771751
20
16.0844598
11
16.0443302
21
15.8311284
0
LINE
8
layer0
10
16.0443302
20
15.8311284
11
15.9191792
21
15.6149619
0
LINE
8
layer0
10
15.9191792
20
15.6149619
11
15.8104051
21
15.4416069
0
LINE
8
layer0
10
15.8104051
20
15.4416069
11
15.7856761
21
15.3941423
0
LINE
8
layer0
10
15.7856761
20
15.3941423
11
15.7697451
21
15.352582
0
LINE
8
layer0
10
15.7697451
20
15.352582
11
15.7623406
21
15.3172609
0
LINE
8
layer0
10
15.7623406
20
15.3172609
11
15.7631916
21
15.2885278
0
LINE
8
layer0
10
15.7631916
20
15.2885278
11
15.772019
21
15.2667106
0
LINE
8
layer0
10
15.772019
20
15.2667106
11
15.8452218
21
15.1899557
0
LINE
8
layer0
10
15.8452218
20
15.1899557
11
16.0418494
21
14.9820415
0
LINE
8
layer0
10
16.0418494
20
14.9820415
11
16.2358606
21
14.7716837
0
LINE
8
layer0
10
16.2358606
20
14.7716837
11
16.307441
21
14.6934136
0
LINE
8
layer0
10
16.307441
20
14.6934136
11
16.3286049
21
14.6831179
0
LINE
8
layer0
10
16.3286049
20
14.6831179
11
16.357213
21
14.6803081
0
LINE
8
layer0
10
16.357213
20
14.6803081
11
16.3929571
21
14.6852849
0
LINE
8
layer0
10
16.3929571
20
14.6852849
11
16.4355076
21
14.6983426
0
LINE
8
layer0
10
16.4355076
20
14.6983426
11
16.4845492
21
14.7197749
0
LINE
8
layer0
10
16.4845492
20
14.7197749
11
16.6649231
21
14.8164652
0
LINE
8
layer0
10
16.6649231
20
14.8164652
11
16.8891262
21
14.9265728
0
LINE
8
layer0
10
16.8891262
20
14.9265728
11
17.1509327
21
15.04182
0
LINE
8
layer0
10
17.1509327
20
15.04182
11
17.295449
21
15.1001779
0
LINE
8
layer0
10
17.295449
20
15.1001779
11
17.4533279
21
15.160124
0
LINE
8
layer0
10
17.4533279
20
15.160124
11
17.6193774
21
15.2192037
0
LINE
8
layer0
10
17.6193774
20
15.2192037
11
17.7958767
21
15.2778628
0
LINE
8
layer0
10
17.7958767
20
15.2778628
11
17.9811248
21
15.335183
0
LINE
8
layer0
10
17.9811248
20
15.335183
11
18.1794813
21
15.3920341
0
LINE
8
layer0
10
18.1794813
20
15.3920341
11
18.3716609
21
15.4428609
0
ARC
8
layer0
10
-0.0000022
20
-0.0000014
40
24
50
38.211113
51
40.0497553
0
LINE
8
layer0
10
18.8576842
20
14.845458
11
18.7688205
21
14.667639
0
LINE
8
layer0
10
18.7688205
20
14.667639
11
18.6728016
21
14.484998
0
LINE
8
layer0
10
18.6728016
20
14.484998
11
18.5789905
21
14.3152867
0
LINE
8
layer0
10
18.5789905
20
14.3152867
11
18.4856485
21
14.1544135
0
LINE
8
layer0
10
18.4856485
20
14.1544135
11
18.3940207
21
14.0038572
0
LINE
8
layer0
10
18.3940207
20
14.0038572
11
18.303207
21
13.8614769
0
LINE
8
layer0
10
18.303207
20
13.8614769
11
18.216667
21
13.7318566
0
LINE
8
layer0
10
18.216667
20
13.7318566
11
18.0505642
21
13.4989738
0
LINE
8
layer0
10
18.0505642
20
13.4989738
11
17.8971441
21
13.3018621
0
LINE
8
layer0
10
17.8971441
20
13.3018621
11
17.765778
21
13.1449331
0
LINE
8
layer0
10
17.765778
20
13.1449331
11
17.7348162
21
13.1012778
0
LINE
8
layer0
10
17.7348162
20
13.1012778
11
17.7133745
21
13.0622739
0
LINE
8
layer0
10
17.7133745
20
13.0622739
11
17.7012294
21
13.02829
0
LINE
8
layer0
10
17.7012294
20
13.02829
11
17.6981599
21
12.9997086
0
LINE
8
layer0
10
17.6981599
20
12.9997086
11
17.7039344
21
12.9768926
0
LINE
8
layer0
10
17.7039344
20
12.9768926
11
17.7660039
21
12.8908849
0
LINE
8
layer0
10
17.7660039
20
12.8908849
11
17.9324892
21
12.6581331
0
LINE
8
layer0
10
17.9324892
20
12.6581331
11
18.0960496
21
12.4233167
0
LINE
8
layer0
10
18.0960496
20
12.4233167
11
18.1563055
21
12.3360288
0
LINE
8
layer0
10
18.1563055
20
12.3360288
11
18.1758704
21
12.3229471
0
LINE
8
layer0
10
18.1758704
20
12.3229471
11
18.2038294
21
12.3162681
0
LINE
8
layer0
10
18.2038294
20
12.3162681
11
18.2399182
21
12.3163314
0
LINE
8
layer0
10
18.2399182
20
12.3163314
11
18.2838505
21
12.3234734
0
LINE
8
layer0
10
18.2838505
20
12.3234734
11
18.3353536
21
12.3380283
0
LINE
8
layer0
10
18.3353536
20
12.3380283
11
18.5272135
21
12.4092571
0
LINE
8
layer0
10
18.5272135
20
12.4092571
11
18.7643214
21
12.4878101
0
LINE
8
layer0
10
18.7643214
20
12.4878101
11
19.0393822
21
12.5663347
0
LINE
8
layer0
10
19.0393822
20
12.5663347
11
19.1904988
21
12.6044707
0
LINE
8
layer0
10
19.1904988
20
12.6044707
11
19.35507
21
12.6423606
0
LINE
8
layer0
10
19.35507
20
12.6423606
11
19.5276175
21
12.6782797
0
LINE
8
layer0
10
19.5276175
20
12.6782797
11
19.7104603
21
12.7123591
0
LINE
8
layer0
10
19.7104603
20
12.7123591
11
19.9017881
21
12.7439207
0
LINE
8
layer0
10
19.9017881
20
12.7439207
11
20.1060383
21
12.7732328
0
LINE
8
layer0
10
20.1060383
20
12.7732328
11
20.3033489
21
12.7974177
0
ARC
8
layer0
10
-0.0000021
20
-0.0000014
40
24
50
30.3850269
51
32.2236692
0
LINE
8
layer0
10
20.703499
20
12.1393989
11
20.5912499
21
11.9753364
0
LINE
8
layer0
10
20.5912499
20
11.9753364
11
20.4712557
21
11.8074711
0
LINE
8
layer0
10
20.4712557
20
11.8074711
11
20.3552094
21
11.6521144
0
LINE
8
layer0
10
20.3552094
20
11.6521144
11
20.2408312
21
11.5054498
0
LINE
8
layer0
10
20.2408312
20
11.5054498
11
20.1295561
21
11.3687724
0
LINE
8
layer0
10
20.1295561
20
11.3687724
11
20.0202008
21
11.240084
0
LINE
8
layer0
10
20.0202008
20
11.240084
11
19.9168169
21
11.1234548
0
LINE
8
layer0
10
19.9168169
20
11.1234548
11
19.7205502
21
10.9153588
0
LINE
8
layer0
10
19.7205502
20
10.9153588
11
19.5417191
21
10.7409737
0
LINE
8
layer0
10
19.5417191
20
10.7409737
11
19.3902081
21
10.603394
0
LINE
8
layer0
10
19.3902081
20
10.603394
11
19.3535903
21
10.5643613
0
LINE
8
layer0
10
19.3535903
20
10.5643613
11
19.3270372
21
10.5286403
0
LINE
8
layer0
10
19.3270372
20
10.5286403
11
19.3103778
21
10.4966267
0
LINE
8
layer0
10
19.3103778
20
10.4966267
11
19.3034451
21
10.4687295
0
LINE
8
layer0
10
19.3034451
20
10.4687295
11
19.306059
21
10.4453397
0
LINE
8
layer0
10
19.306059
20
10.4453397
11
19.355839
21
10.3516813
0
LINE
8
layer0
10
19.355839
20
10.3516813
11
19.4890805
21
10.0984276
0
LINE
8
layer0
10
19.4890805
20
10.0984276
11
19.6191434
21
9.8435268
0
LINE
8
layer0
10
19.6191434
20
9.8435268
11
19.6669524
21
9.748847
0
LINE
8
layer0
10
19.6669524
20
9.748847
11
19.6845538
21
9.7332232
0
LINE
8
layer0
10
19.6845538
20
9.7332232
11
19.7113429
21
9.7227992
0
LINE
8
layer0
10
19.7113429
20
9.7227992
11
19.7471042
21
9.7179479
0
LINE
8
layer0
10
19.7471042
20
9.7179479
11
19.7915998
21
9.7190413
0
LINE
8
layer0
10
19.7915998
20
9.7190413
11
19.8446051
21
9.7264475
0
LINE
8
layer0
10
19.8446051
20
9.7264475
11
20.044377
21
9.770888
0
LINE
8
layer0
10
20.044377
20
9.770888
11
20.2899727
21
9.8164232
0
LINE
8
layer0
10
20.2899727
20
9.8164232
11
20.5731641
21
9.8567623
0
LINE
8
layer0
10
20.5731641
20
9.8567623
11
20.728066
21
9.873966
0
LINE
8
layer0
10
20.728066
20
9.873966
11
20.8962637
21
9.8890939
0
LINE
8
layer0
10
20.8962637
20
9.8890939
11
21.0720951
21
9.9011832
0
LINE
8
layer0
10
21.0720951
20
9.9011832
11
21.2578754
21
9.9100481
0
LINE
8
layer0
10
21.2578754
20
9.9100481
11
21.4517187
21
9.9152634
0
LINE
8
layer0
10
21.4517187
20
9.9152634
11
21.6580579
21
9.9164904
0
LINE
8
layer0
10
21.6580579
20
9.9164904
11
21.8568239
21
9.9135829
0
ARC
8
layer0
10
-0.000002
20
-0.0000017
40
24
50
22.5589415
51
24.3975838
0
LINE
8
layer0
10
22.1636468
20
9.2072058
11
22.0301033
21
9.059956
0
LINE
8
layer0
10
22.0301033
20
9.059956
11
21.8883691
21
8.9099934
0
LINE
8
layer0
10
21.8883691
20
8.9099934
11
21.7522492
21
8.7718854
0
LINE
8
layer0
10
21.7522492
20
8.7718854
11
21.6189655
21
8.6421612
0
LINE
8
layer0
10
21.6189655
20
8.6421612
11
21.4901159
21
8.5219089
0
LINE
8
layer0
10
21.4901159
20
8.5219089
11
21.3642561
21
8.4093096
0
LINE
8
layer0
10
21.3642561
20
8.4093096
11
21.2459542
21
8.3078442
0
LINE
8
layer0
10
21.2459542
20
8.3078442
11
21.0231798
21
8.1284113
0
LINE
8
layer0
10
21.0231798
20
8.1284113
11
20.8222689
21
7.9800012
0
LINE
8
layer0
10
20.8222689
20
7.9800012
11
20.6534353
21
7.8643338
0
LINE
8
layer0
10
20.6534353
20
7.8643338
11
20.6118436
21
7.8306507
0
LINE
8
layer0
10
20.6118436
20
7.8306507
11
20.5806739
21
7.7988781
0
LINE
8
layer0
10
20.5806739
20
7.7988781
11
20.5598104
21
7.7694311
0
LINE
8
layer0
10
20.5598104
20
7.7694311
11
20.5491436
21
7.7427378
0
LINE
8
layer0
10
20.5491436
20
7.7427378
11
20.5485482
21
7.7192099
0
LINE
8
layer0
10
20.5485482
20
7.7192099
11
20.5851114
21
7.6196454
0
LINE
8
layer0
10
20.5851114
20
7.6196454
11
20.6826272
21
7.3506075
0
LINE
8
layer0
10
20.6826272
20
7.3506075
11
20.7767697
21
7.0803707
0
LINE
8
layer0
10
20.7767697
20
7.0803707
11
20.8112412
21
6.9800628
0
LINE
8
layer0
10
20.8112412
20
6.9800628
11
20.8265512
21
6.9621877
0
LINE
8
layer0
10
20.8265512
20
6.9621877
11
20.8516714
21
6.948213
0
LINE
8
layer0
10
20.8516714
20
6.948213
11
20.886439
21
6.9385374
0
LINE
8
layer0
10
20.886439
20
6.9385374
11
20.930669
21
6.9335618
0
LINE
8
layer0
10
20.930669
20
6.9335618
11
20.9841892
21
6.9336815
0
LINE
8
layer0
10
20.9841892
20
6.9336815
11
21.1881517
21
6.9505058
0
LINE
8
layer0
10
21.1881517
20
6.9505058
11
21.4376603
21
6.9621749
0
LINE
8
layer0
10
21.4376603
20
6.9621749
11
21.7237068
21
6.963577
0
LINE
8
layer0
10
21.7237068
20
6.963577
11
21.8795086
21
6.9595281
0
LINE
8
layer0
10
21.8795086
20
6.9595281
11
22.0481995
21
6.9516122
0
LINE
8
layer0
10
22.0481995
20
6.9516122
11
22.2240394
21
6.9396465
0
LINE
8
layer0
10
22.2240394
20
6.9396465
11
22.4092964
21
6.9231317
0
LINE
8
layer0
10
22.4092964
20
6.9231317
11
22.6020445
21
6.9019034
0
LINE
8
layer0
10
22.6020445
20
6.9019034
11
22.8066289
21
6.8750225
0
LINE
8
layer0
10
22.8066289
20
6.8750225
11
23.0031476
21
6.8450768
0
ARC
8
layer0
10
-0.0000025
20
-6e-7
40
24
50
14.7328526
51
16.5714949
0
LINE
8
layer0
10
23.2109277
20
6.1034999
11
23.0585776
21
5.9758057
0
LINE
8
layer0
10
23.0585776
20
5.9758057
11
22.8977436
21
5.8465393
0
LINE
8
layer0
10
22.8977436
20
5.8465393
11
22.7440859
21
5.7282527
0
LINE
8
layer0
10
22.7440859
20
5.7282527
11
22.5943795
21
5.6178856
0
LINE
8
layer0
10
22.5943795
20
5.6178856
11
22.4503556
21
5.5162983
0
LINE
8
layer0
10
22.4503556
20
5.5162983
11
22.3103358
21
5.4218857
0
LINE
8
layer0
10
22.3103358
20
5.4218857
11
22.1793195
21
5.3374741
0
LINE
8
layer0
10
22.1793195
20
5.3374741
11
21.9341873
21
5.1900469
0
LINE
8
layer0
10
21.9341873
20
5.1900469
11
21.7149392
21
5.0703765
0
LINE
8
layer0
10
21.7149392
20
5.0703765
11
21.531928
21
4.9787759
0
LINE
8
layer0
10
21.531928
20
4.9787759
11
21.4861372
21
4.95107
0
LINE
8
layer0
10
21.4861372
20
4.95107
11
21.4509314
21
4.9238375
0
LINE
8
layer0
10
21.4509314
20
4.9238375
11
21.4262526
21
4.8975057
0
LINE
8
layer0
10
21.4262526
20
4.8975057
11
21.4120504
21
4.8725135
0
LINE
8
layer0
10
21.4120504
20
4.8725135
11
21.4082569
21
4.8492858
0
LINE
8
layer0
10
21.4082569
20
4.8492858
11
21.4309222
21
4.74567
0
LINE
8
layer0
10
21.4309222
20
4.74567
11
21.4908957
21
4.4658595
0
LINE
8
layer0
10
21.4908957
20
4.4658595
11
21.5473641
21
4.1853206
0
LINE
8
layer0
10
21.5473641
20
4.1853206
11
21.5678559
21
4.0812531
0
LINE
8
layer0
10
21.5678559
20
4.0812531
11
21.5805893
21
4.0614598
0
LINE
8
layer0
10
21.5805893
20
4.0614598
11
21.6035727
21
4.0441948
0
LINE
8
layer0
10
21.6035727
20
4.0441948
11
21.636699
21
4.029875
0
LINE
8
layer0
10
21.636699
20
4.029875
11
21.6798395
21
4.0189232
0
LINE
8
layer0
10
21.6798395
20
4.0189232
11
21.7328775
21
4.0117541
0
LINE
8
layer0
10
21.7328775
20
4.0117541
11
21.9372311
21
4.0006488
0
LINE
8
layer0
10
21.9372311
20
4.0006488
11
22.1860048
21
3.9782345
0
LINE
8
layer0
10
22.1860048
20
3.9782345
11
22.469578
21
3.9406735
0
LINE
8
layer0
10
22.469578
20
3.9406735
11
22.6233773
21
3.9154473
0
LINE
8
layer0
10
22.6233773
20
3.9154473
11
22.7894191
21
3.884635
0
LINE
8
layer0
10
22.7894191
20
3.884635
11
22.9619919
21
3.8488373
0
LINE
8
layer0
10
22.9619919
20
3.8488373
11
23.1432747
21
3.8072505
0
LINE
8
layer0
10
23.1432747
20
3.8072505
11
23.3313369
21
3.7599741
0
LINE
8
layer0
10
23.3313369
20
3.7599741
11
23.5303555
21
3.7054859
0
LINE
8
layer0
10
23.5303555
20
3.7054859
11
23.7209662
21
3.6490598
0
ARC
8
layer0
10
-0.0000025
20
-9e-7
40
24
50
6.9067672
51
8.7454093
0
LINE
8
layer0
10
23.825833
20
2.8860973
11
23.6575142
21
2.7803375
0
LINE
8
layer1
10
23.6575142
20
2.7803375
11
23.4805765
21
2.6741753
0
LINE
8
layer1
10
23.4805765
20
2.6741753
11
23.3122432
21
2.5779134
0
LINE
8
layer1
10
23.3122432
20
2.5779134
11
23.1489028
21
2.4889593
0
LINE
8
layer1
10
23.1489028
20
2.4889593
11
22.9923876
21
2.4079295
0
LINE
8
layer1
10
22.9923876
20
2.4079295
11
22.8408161
21
2.3334623
0
LINE
8
layer1
10
22.8408161
20
2.3334623
11
22.6995261
21
2.2676769
0
LINE
8
layer1
10
22.6995261
20
2.2676769
11
22.4366024
21
2.1550017
0
LINE
8
layer1
10
22.4366024
20
2.1550017
11
22.2031012
21
2.0663002
0
LINE
8
layer1
10
22.2031012
20
2.0663002
11
22.0093217
21
2.0004728
0
LINE
8
layer1
10
22.0093217
20
2.0004728
11
21.9601848
21
1.9792601
0
LINE
8
layer1
10
21.9601848
20
1.9792601
11
21.9215988
21
1.9570752
0
LINE
8
layer1
10
21.9215988
20
1.9570752
11
21.8935643
21
1.9343491
0
LINE
8
layer1
10
21.8935643
20
1.9343491
11
21.8760912
21
1.9115235
0
LINE
8
layer1
10
21.8760912
20
1.9115235
11
21.8691702
21
1.8890287
0
LINE
8
layer1
10
21.8691702
20
1.8890287
11
21.8775154
21
1.7832917
0
LINE
8
layer1
10
21.8775154
20
1.7832917
11
21.8988295
21
1.497921
0
LINE
8
layer1
10
21.8988295
20
1.497921
11
21.9165719
21
1.2123059
0
LINE
8
layer1
10
21.9165719
20
1.2123059
11
21.9227023
21
1.1064174
0
LINE
8
layer1
10
21.9227023
20
1.1064174
11
21.9326219
21
1.0850746
0
LINE
8
layer1
10
21.9326219
20
1.0850746
11
21.9530403
21
1.0648408
0
LINE
8
layer1
10
21.9530403
20
1.0648408
11
21.9839082
21
1.0461438
0
LINE
8
layer1
10
21.9839082
20
1.0461438
11
22.0251556
21
1.0294196
0
LINE
8
layer1
10
22.0251556
20
1.0294196
11
22.0767234
21
1.0150953
0
LINE
8
layer1
10
22.0767234
20
1.0150953
11
22.2776615
21
0.9762673
0
LINE
8
layer1
10
22.2776615
20
0.9762673
11
22.521066
21
0.9201871
0
LINE
8
layer1
10
22.521066
20
0.9201871
11
22.7968834
21
0.8443627
0
LINE
8
layer1
10
22.7968834
20
0.8443627
11
22.9458153
21
0.7984291
0
LINE
8
layer1
10
22.9458153
20
0.7984291
11
23.106115
21
0.7452945
0
LINE
8
layer1
10
23.106115
20
0.7452945
11
23.272206
21
0.6863315
0
LINE
8
layer1
10
23.272206
20
0.6863315
11
23.4461375
21
0.6204474
0
LINE
8
layer1
10
23.4461375
20
0.6204474
11
23.6260106
21
0.5480035
0
LINE
8
layer1
10
23.6260106
20
0.5480035
11
23.8157561
21
0.4669232
0
LINE
8
layer1
10
23.8157561
20
0.4669232
11
23.9969081
21
0.3850678
0
ARC
8
layer1
10
-0.0000026
20
0
40
24
50
359.0806789
51
360.9193211
0
LINE
8
layer1
10
23.9969081
20
-0.3850678
11
23.8157561
21
-0.4669232
0
LINE
8
layer1
10
23.8157561
20
-0.4669232
11
23.6260106
21
-0.5480035
0
LINE
8
layer1
10
23.6260106
20
-0.5480035
11
23.4461375
21
-0.6204474
0
LINE
8
layer1
10
23.4461375
20
-0.6204474
11
23.272206
21
-0.6863315
0
LINE
8
layer1
10
23.272206
20
-0.6863315
11
23.106115
21
-0.7452945
0
LINE
8
layer1
10
23.106115
20
-0.7452945
11
22.9458153
21
-0.7984291
0
LINE
8
layer1
10
22.9458153
20
-0.7984291
11
22.7968834
21
-0.8443627
0
LINE
8
layer1
10
22.7968834
20
-0.8443627
11
22.521066
21
-0.9201871
0
LINE
8
layer1
10
22.521066
20
-0.9201871
11
22.2776615
21
-0.9762673
0
LINE
8
layer1
10
22.2776615
20
-0.9762673
11
22.0767234
21
-1.0150953
0
LINE
8
layer1
10
22.0767234
20
-1.0150953
11
22.0251556
21
-1.0294196
0
LINE
8
layer1
10
22.0251556
20
-1.0294196
11
21.9839082
21
-1.0461438
0
LINE
8
layer1
10
21.9839082
20
-1.0461438
11
21.9530403
21
-1.0648408
0
LINE
8
layer1
10
21.9530403
20
-1.0648408
11
21.9326219
21
-1.0850746
0
LINE
8
layer1
10
21.9326219
20
-1.0850746
11
21.9227023
21
-1.1064174
0
LINE
8
layer1
10
21.9227023
20
-1.1064174
11
21.9165719
21
-1.2123059
0
LINE
8
layer1
10
21.9165719
20
-1.2123059
11
21.8988295
21
-1.497921
0
LINE
8
layer1
10
21.8988295
20
-1.497921
11
21.8775154
21
-1.7832917
0
LINE
8
layer1
10
21.8775154
20
-1.7832917
11
21.8691702
21
-1.8890287
0
LINE
8
layer1
10
21.8691702
20
-1.8890287
11
21.8760912
21
-1.9115235
0
LINE
8
layer1
10
21.8760912
20
-1.9115235
11
21.8935643
21
-1.9343491
0
LINE
8
layer1
10
21.8935643
20
-1.9343491
11
21.9215988
21
-1.9570752
0
LINE
8
layer1
10
21.9215988
20
-1.9570752
11
21.9601848
21
-1.9792601
0
LINE
8
layer1
10
21.9601848
20
-1.9792601
11
22.0093217
21
-2.0004728
0
LINE
8
layer1
10
22.0093217
20
-2.0004728
11
22.2031012
21
-2.0663002
0
LINE
8
layer1
10
22.2031012
20
-2.0663002
11
22.4366024
21
-2.1550017
0
LINE
8
layer1
10
22.4366024
20
-2.1550017
11
22.6995261
21
-2.2676769
0
LINE
8
layer1
10
22.6995261
20
-2.2676769
11
22.8408161
21
-2.3334623
0
LINE
8
layer1
10
22.8408161
20
-2.3334623
11
22.9923876
21
-2.4079295
0
LINE
8
layer1
10
22.9923876
20
-2.4079295
11
23.1489028
21
-2.4889593
0
LINE
8
layer1
10
23.1489028
20
-2.4889593
11
23.3122432
21
-2.5779134
0
LINE
8
layer1
10
23.3122432
20
-2.5779134
11
23.4805765
21
-2.6741753
0
LINE
8
layer1
10
23.4805765
20
-2.6741753
11
23.6575142
21
-2.7803375
0
LINE
8
layer1
10
23.6575142
20
-2.7803375
11
23.825833
21
-2.8860973
0
ARC
8
layer1
10
-0.0000025
20
9e-7
40
24
50
351.2545907
51
353.0932328
0
LINE
8
layer1
10
23.7209662
20
-3.6490598
11
23.5303555
21
-3.7054859
0
LINE
8
layer1
10
23.5303555
20
-3.7054859
11
23.3313369
21
-3.7599741
0
LINE
8
layer1
10
23.3313369
20
-3.7599741
11
23.1432747
21
-3.8072505
0
LINE
8
layer1
10
23.1432747
20
-3.8072505
11
22.9619919
21
-3.8488373
0
LINE
8
layer1
10
22.9619919
20
-3.8488373
11
22.7894191
21
-3.884635
0
LINE
8
layer1
10
22.7894191
20
-3.884635
11
22.6233773
21
-3.9154473
0
LINE
8
layer1
10
22.6233773
20
-3.9154473
11
22.469578
21
-3.9406735
0
LINE
8
layer1
10
22.469578
20
-3.9406735
11
22.1860048
21
-3.9782345
0
LINE
8
layer1
10
22.1860048
20
-3.9782345
11
21.9372311
21
-4.0006488
0
LINE
8
layer1
10
21.9372311
20
-4.0006488
11
21.7328775
21
-4.0117541
0
LINE
8
layer1
10
21.7328775
20
-4.0117541
11
21.6798395
21
-4.0189232
0
LINE
8
layer1
10
21.6798395
20
-4.0189232
11
21.636699
21
-4.029875
0
LINE
8
layer1
10
21.636699
20
-4.029875
11
21.6035727
21
-4.0441948
0
LINE
8
layer1
10
21.6035727
20
-4.0441948
11
21.5805893
21
-4.0614598
0
LINE
8
layer1
10
21.5805893
20
-4.0614598
11
21.5678559
21
-4.0812531
0
LINE
8
layer1
10
21.5678559
20
-4.0812531
11
21.5473641
21
-4.1853206
0
LINE
8
layer1
10
21.5473641
20
-4.1853206
11
21.4908957
21
-4.4658595
0
LINE
8
layer1
10
21.4908957
20
-4.4658595
11
21.4309222
21
-4.74567
0
LINE
8
layer1
10
21.4309222
20
-4.74567
11
21.4082569
21
-4.8492858
0
LINE
8
layer1
10
21.4082569
20
-4.8492858
11
21.4120504
21
-4.8725135
0
LINE
8
layer1
10
21.4120504
20
-4.8725135
11
21.4262526
21
-4.8975057
0
LINE
8
layer1
10
21.4262526
20
-4.8975057
11
21.4509314
21
-4.9238375
0
LINE
8
layer1
10
21.4509314
20
-4.9238375
11
21.4861372
21
-4.95107
0
LINE
8
layer1
10
21.4861372
20
-4.95107
11
21.531928
21
-4.9787759
0
LINE
8
layer1
10
21.531928
20
-4.9787759
11
21.7149392
21
-5.0703765
0
LINE
8
layer1
10
21.7149392
20
-5.0703765
11
21.9341873
21
-5.1900469
0
LINE
8
layer1
10
21.9341873
20
-5.1900469
11
22.1793195
21
-5.3374741
0
LINE
8
layer1
10
22.1793195
20
-5.3374741
11
22.3103358
21
-5.4218857
0
LINE
8
layer1
10
22.3103358
20
-5.4218857
11
22.4503556
21
-5.5162983
0
LINE
8
layer1
10
22.4503556
20
-5.5162983
11
22.5943795
21
-5.6178856
0
LINE
8
layer1
10
22.5943795
20
-5.6178856
11
22.7440859
21
-5.7282527
0
LINE
8
layer1
10
22.7440859
20
-5.7282527
11
22.8977436
21
-5.8465393
0
LINE
8
layer1
10
22.8977436
20
-5.8465393
11
23.0585776
21
-5.9758057
0
LINE
8
layer1
10
23.0585776
20
-5.9758057
11
23.2109277
21
-6.1034999
0
ARC
8
layer1
10
-0.0000025
20
6e-7
40
24
50
343.4285051
51
345.2671474
0
LINE
8
layer1
10
23.0031476
20
-6.8450768
11
22.8066289
21
-6.8750225
0
LINE
8
layer1
10
22.8066289
20
-6.8750225
11
22.6020445
21
-6.9019034
0
LINE
8
layer1
10
22.6020445
20
-6.9019034
11
22.4092964
21
-6.9231317
0
LINE
8
layer1
10
22.4092964
20
-6.9231317
11
22.2240394
21
-6.9396465
0
LINE
8
layer1
10
22.2240394
20
-6.9396465
11
22.0481995
21
-6.9516122
0
LINE
8
layer1
10
22.0481995
20
-6.9516122
11
21.8795086
21
-6.9595281
0
LINE
8
layer1
10
21.8795086
20
-6.9595281
11
21.7237068
21
-6.963577
0
LINE
8
layer1
10
21.7237068
20
-6.963577
11
21.4376603
21
-6.9621749
0
LINE
8
layer1
10
21.4376603
20
-6.9621749
11
21.1881517
21
-6.9505058
0
LINE
8
layer1
10
21.1881517
20
-6.9505058
11
20.9841892
21
-6.9336815
0
LINE
8
layer1
10
20.9841892
20
-6.9336815
11
20.930669
21
-6.9335618
0
LINE
8
layer1
10
20.930669
20
-6.9335618
11
20.886439
21
-6.9385374
0
LINE
8
layer1
10
20.886439
20
-6.9385374
11
20.8516714
21
-6.948213
0
LINE
8
layer1
10
20.8516714
20
-6.948213
11
20.8265512
21
-6.9621877
0
LINE
8
layer1
10
20.8265512
20
-6.9621877
11
20.8112412
21
-6.9800628
0
LINE
8
layer1
10
20.8112412
20
-6.9800628
11
20.7767697
21
-7.0803707
0
LINE
8
layer1
10
20.7767697
20
-7.0803707
11
20.6826272
21
-7.3506075
0
LINE
8
layer1
10
20.6826272
20
-7.3506075
11
20.5851114
21
-7.6196454
0
LINE
8
layer1
10
20.5851114
20
-7.6196454
11
20.5485482
21
-7.7192099
0
LINE
8
layer1
10
20.5485482
20
-7.7192099
11
20.5491436
21
-7.7427378
0
LINE
8
layer1
10
20.5491436
20
-7.7427378
11
20.5598104
21
-7.7694311
0
LINE
8
layer1
10
20.5598104
20
-7.7694311
11
20.5806739
21
-7.7988781
0
LINE
8
layer1
10
20.5806739
20
-7.7988781
11
20.6118436
21
-7.8306507
0
LINE
8
layer1
10
20.6118436
20
-7.8306507
11
20.6534353
21
-7.8643338
0
LINE
8
layer1
10
20.6534353
20
-7.8643338
11
20.8222689
21
-7.9800012
0
LINE
8
layer1
10
20.8222689
20
-7.9800012
11
21.0231798
21
-8.1284113
0
LINE
8
layer1
10
21.0231798
20
-8.1284113
11
21.2459542
21
-8.3078442
0
LINE
8
layer1
10
21.2459542
20
-8.3078442
11
21.3642561
21
-8.4093096
0
LINE
8
layer1
10
21.3642561
20
-8.4093096
11
21.4901159
21
-8.5219089
0
LINE
8
layer1
10
21.4901159
20
-8.5219089
11
21.6189655
21
-8.6421612
0
LINE
8
layer1
10
21.6189655
20
-8.6421612
11
21.7522492
21
-8.7718854
0
LINE
8
layer1
10
21.7522492
20
-8.7718854
11
21.8883691
21
-8.9099934
0
LINE
8
layer1
10
21.8883691
20
-8.9099934
11
22.0301033
21
-9.059956
0
LINE
8
layer1
10
22.0301033
20
-9.059956
11
22.1636468
21
-9.2072058
0
ARC
8
layer1
10
-0.000002
20
0.0000018
40
24
50
335.602416
51
337.4410583
0
LINE
8
layer1
10
21.8568239
20
-9.9135829
11
21.6580579
21
-9.9164904
0
LINE
8
layer1
10
21.6580579
20
-9.9164904
11
21.4517187
21
-9.9152634
0
LINE
8
layer1
10
21.4517187
20
-9.9152634
11
21.2578754
21
-9.9100481
0
LINE
8
layer1
10
21.2578754
20
-9.9100481
11
21.0720951
21
-9.9011832
0
LINE
8
layer1
10
21.0720951
20
-9.9011832
11
20.8962637
21
-9.8890939
0
LINE
8
layer1
10
20.8962637
20
-9.8890939
11
20.728066
21
-9.873966
0
LINE
8
layer1
10
20.728066
20
-9.873966
11
20.5731641
21
-9.8567623
0
LINE
8
layer1
10
20.5731641
20
-9.8567623
11
20.2899727
21
-9.8164232
0
LINE
8
layer1
10
20.2899727
20
-9.8164232
11
20.044377
21
-9.770888
0
LINE
8
layer1
10
20.044377
20
-9.770888
11
19.8446051
21
-9.7264475
0
LINE
8
layer1
10
19.8446051
20
-9.7264475
11
19.7915998
21
-9.7190413
0
LINE
8
layer1
10
19.7915998
20
-9.7190413
11
19.7471042
21
-9.7179479
0
LINE
8
layer1
10
19.7471042
20
-9.7179479
11
19.7113429
21
-9.7227992
0
LINE
8
layer1
10
19.7113429
20
-9.7227992
11
19.6845538
21
-9.7332232
0
LINE
8
layer1
10
19.6845538
20
-9.7332232
11
19.6669524
21
-9.748847
0
LINE
8
layer1
10
19.6669524
20
-9.748847
11
19.6191434
21
-9.8435268
0
LINE
8
layer1
10
19.6191434
20
-9.8435268
11
19.4890805
21
-10.0984276
0
LINE
8
layer1
10
19.4890805
20
-10.0984276
11
19.355839
21
-10.3516813
0
LINE
8
layer1
10
19.355839
20
-10.3516813
11
19.306059
21
-10.4453397
0
LINE
8
layer1
10
19.306059
20
-10.4453397
11
19.3034451
21
-10.4687295
0
LINE
8
layer1
10
19.3034451
20
-10.4687295
11
19.3103778
21
-10.4966267
0
LINE
8
layer1
10
19.3103778
20
-10.4966267
11
19.3270372
21
-10.5286403
0
LINE
8
layer1
10
19.3270372
20
-10.5286403
11
19.3535903
21
-10.5643613
0
LINE
8
layer1
10
19.3535903
20
-10.5643613
11
19.3902081
21
-10.603394
0
LINE
8
layer1
10
19.3902081
20
-10.603394
11
19.5417191
21
-10.7409737
0
LINE
8
layer1
10
19.5417191
20
-10.7409737
11
19.7205502
21
-10.9153588
0
LINE
8
layer1
10
19.7205502
20
-10.9153588
11
19.9168169
21
-11.1234548
0
LINE
8
layer1
10
19.9168169
20
-11.1234548
11
20.0202008
21
-11.240084
0
LINE
8
layer1
10
20.0202008
20
-11.240084
11
20.1295561
21
-11.3687724
0
LINE
8
layer1
10
20.1295561
20
-11.3687724
11
20.2408312
21
-11.5054498
0
LINE
8
layer1
10
20.2408312
20
-11.5054498
11
20.3552094
21
-11.6521144
0
LINE
8
layer1
10
20.3552094
20
-11.6521144
11
20.4712557
21
-11.8074711
0
LINE
8
layer1
10
20.4712557
20
-11.8074711
11
20.5912499
21
-11.9753364
0
LINE
8
layer1
10
20.5912499
20
-11.9753364
11
20.703499
21
-12.1393989
0
ARC
8
layer1
10
-0.0000021
20
0.0000014
40
24
50
327.7763308
51
329.6149731
0
LINE
8
layer1
10
20.3033489
20
-12.7974177
11
20.1060383
21
-12.7732328
0
LINE
8
layer1
10
20.1060383
20
-12.7732328
11
19.9017881
21
-12.7439207
0
LINE
8
layer1
10
19.9017881
20
-12.7439207
11
19.7104603
21
-12.7123591
0
LINE
8
layer1
10
19.7104603
20
-12.7123591
11
19.5276175
21
-12.6782797
0
LINE
8
layer1
10
19.5276175
20
-12.6782797
11
19.35507
21
-12.6423606
0
LINE
8
layer1
10
19.35507
20
-12.6423606
11
19.1904988
21
-12.6044707
0
LINE
8
layer1
10
19.1904988
20
-12.6044707
11
19.0393822
21
-12.5663347
0
LINE
8
layer1
10
19.0393822
20
-12.5663347
11
18.7643214
21
-12.4878101
0
LINE
8
layer1
10
18.7643214
20
-12.4878101
11
18.5272135
21
-12.4092571
0
LINE
8
layer1
10
18.5272135
20
-12.4092571
11
18.3353536
21
-12.3380283
0
LINE
8
layer1
10
18.3353536
20
-12.3380283
11
18.2838505
21
-12.3234734
0
LINE
8
layer1
10
18.2838505
20
-12.3234734
11
18.2399182
21
-12.3163314
0
LINE
8
layer1
10
18.2399182
20
-12.3163314
11
18.2038294
21
-12.3162681
0
LINE
8
layer1
10
18.2038294
20
-12.3162681
11
18.1758704
21
-12.3229471
0
LINE
8
layer1
10
18.1758704
20
-12.3229471
11
18.1563055
21
-12.3360288
0
LINE
8
layer1
10
18.1563055
20
-12.3360288
11
18.0960496
21
-12.4233167
0
LINE
8
layer1
10
18.0960496
20
-12.4233167
11
17.9324892
21
-12.6581331
0
LINE
8
layer1
10
17.9324892
20
-12.6581331
11
17.7660039
21
-12.8908849
0
LINE
8
layer1
10
17.7660039
20
-12.8908849
11
17.7039344
21
-12.9768926
0
LINE
8
layer1
10
17.7039344
20
-12.9768926
11
17.6981599
21
-12.9997086
0
LINE
8
layer1
10
17.6981599
20
-12.9997086
11
17.7012294
21
-13.02829
0
LINE
8
layer1
10
17.7012294
20
-13.02829
11
17.7133745
21
-13.0622739
0
LINE
8
layer1
10
17.7133745
20
-13.0622739
11
17.7348162
21
-13.1012778
0
LINE
8
layer1
10
17.7348162
20
-13.1012778
11
17.765778
21
-13.1449331
0
LINE
8
layer1
10
17.765778
20
-13.1449331
11
17.8971441
21
-13.3018621
0
LINE
8
layer1
10
17.8971441
20
-13.3018621
11
18.0505642
21
-13.4989738
0
LINE
8
layer1
10
18.0505642
20
-13.4989738
11
18.216667
21
-13.7318566
0
LINE
8
layer1
10
18.216667
20
-13.7318566
11
18.303207
21
-13.8614769
0
LINE
8
layer1
10
18.303207
20
-13.8614769
11
18.3940207
21
-14.0038572
0
LINE
8
layer1
10
18.3940207
20
-14.0038572
11
18.4856485
21
-14.1544135
0
LINE
8
layer1
10
18.4856485
20
-14.1544135
11
18.5789905
21
-14.3152867
0
LINE
8
layer1
10
18.5789905
20
-14.3152867
11
18.6728016
21
-14.484998
0
LINE
8
layer1
10
18.6728016
20
-14.484998
11
18.7688205
21
-14.667639
0
LINE
8
layer1
10
18.7688205
20
-14.667639
11
18.8576842
21
-14.845458
0
ARC
8
layer1
10
-0.0000021
20
0.0000014
40
24
50
319.9502446
51
321.7888868
0
LINE
8
layer1
10
18.3716609
20
-15.4428609
11
18.1794813
21
-15.3920341
0
LINE
8
layer1
10
18.1794813
20
-15.3920341
11
17.9811248
21
-15.335183
0
LINE
8
layer1
10
17.9811248
20
-15.335183
11
17.7958767
21
-15.2778628
0
LINE
8
layer1
10
17.7958767
20
-15.2778628
11
17.6193774
21
-15.2192037
0
LINE
8
layer1
10
17.6193774
20
-15.2192037
11
17.4533279
21
-15.160124
0
LINE
8
layer1
10
17.4533279
20
-15.160124
11
17.295449
21
-15.1001779
0
LINE
8
layer1
10
17.295449
20
-15.1001779
11
17.1509327
21
-15.04182
0
LINE
8
layer1
10
17.1509327
20
-15.04182
11
16.8891262
21
-14.9265728
0
LINE
8
layer1
10
16.8891262
20
-14.9265728
11
16.6649231
21
-14.8164652
0
LINE
8
layer1
10
16.6649231
20
-14.8164652
11
16.4845492
21
-14.7197749
0
LINE
8
layer1
10
16.4845492
20
-14.7197749
11
16.4355076
21
-14.6983426
0
LINE
8
layer1
10
16.4355076
20
-14.6983426
11
16.3929571
21
-14.6852849
0
LINE
8
layer1
10
16.3929571
20
-14.6852849
11
16.357213
21
-14.6803081
0
LINE
8
layer1
10
16.357213
20
-14.6803081
11
16.3286049
21
-14.6831179
0
LINE
8
layer1
10
16.3286049
20
-14.6831179
11
16.307441
21
-14.6934136
0
LINE
8
layer1
10
16.307441
20
-14.6934136
11
16.2358606
21
-14.7716837
0
LINE
8
layer1
10
16.2358606
20
-14.7716837
11
16.0418494
21
-14.9820415
0
LINE
8
layer1
10
16.0418494
20
-14.9820415
11
15.8452218
21
-15.1899557
0
LINE
8
layer1
10
15.8452218
20
-15.1899557
11
15.772019
21
-15.2667106
0
LINE
8
layer1
10
15.772019
20
-15.2667106
11
15.7631916
21
-15.2885278
0
LINE
8
layer1
10
15.7631916
20
-15.2885278
11
15.7623406
21
-15.3172609
0
LINE
8
layer1
10
15.7623406
20
-15.3172609
11
15.7697451
21
-15.352582
0
LINE
8
layer1
10
15.7697451
20
-15.352582
11
15.7856761
21
-15.3941423
0
LINE
8
layer1
10
15.7856761
20
-15.3941423
11
15.8104051
21
-15.4416069
0
LINE
8
layer1
10
15.8104051
20
-15.4416069
11
15.9191792
21
-15.6149619
0
LINE
8
layer1
10
15.9191792
20
-15.6149619
11
16.0443302
21
-15.8311284
0
LINE
8
layer1
10
16.0443302
20
-15.8311284
11
16.1771751
21
-16.0844598
0
LINE
8
layer1
10
16.1771751
20
-16.0844598
11
16.2452591
21
-16.2246567
0
LINE
8
layer1
10
16.2452591
20
-16.2246567
11
16.3158394
21
-16.3780767
0
LINE
8
layer1
10
16.3158394
20
-16.3780767
11
16.3861131
21
-16.5397074
0
LINE
8
layer1
10
16.3861131
20
-16.5397074
11
16.4566802
21
-16.7117922
0
LINE
8
layer1
10
16.4566802
20
-16.7117922
11
16.5265085
21
-16.8926967
0
LINE
8
layer1
10
16.5265085
20
-16.8926967
11
16.5967634
21
-17.0867112
0
LINE
8
layer1
10
16.5967634
20
-17.0867112
11
16.6605865
21
-17.2749743
0
ARC
8
layer1
10
-0.000002
20
0.0000015
40
24
50
312.1241581
51
313.9628004
0
LINE
8
layer1
10
16.0977437
20
-17.8006327
11
15.9142749
21
-17.7241109
0
LINE
8
layer1
10
15.9142749
20
-17.7241109
11
15.7255071
21
-17.6407798
0
LINE
8
layer1
10
15.7255071
20
-17.6407798
11
15.5497896
21
-17.5587689
0
LINE
8
layer1
10
15.5497896
20
-17.5587689
11
15.3829216
21
-17.4766228
0
LINE
8
layer1
10
15.3829216
20
-17.4766228
11
15.2264634
21
-17.3954829
0
LINE
8
layer1
10
15.2264634
20
-17.3954829
11
15.0782176
21
-17.3145973
0
LINE
8
layer1
10
15.0782176
20
-17.3145973
11
14.9429938
21
-17.2371047
0
LINE
8
layer1
10
14.9429938
20
-17.2371047
11
14.6993186
21
-17.0872816
0
LINE
8
layer1
10
14.6993186
20
-17.0872816
11
14.4921967
21
-16.9476706
0
LINE
8
layer1
10
14.4921967
20
-16.9476706
11
14.3266688
21
-16.8273199
0
LINE
8
layer1
10
14.3266688
20
-16.8273199
11
14.2810024
21
-16.7994094
0
LINE
8
layer1
10
14.2810024
20
-16.7994094
11
14.2406262
21
-16.7806794
0
LINE
8
layer1
10
14.2406262
20
-16.7806794
11
14.2058927
21
-16.7708818
0
LINE
8
layer1
10
14.2058927
20
-16.7708818
11
14.1771685
21
-16.76977
0
LINE
8
layer1
10
14.1771685
20
-16.76977
11
14.1547997
21
-16.777088
0
LINE
8
layer1
10
14.1547997
20
-16.777088
11
14.0732283
21
-16.8448822
0
LINE
8
layer1
10
14.0732283
20
-16.8448822
11
13.8523804
21
-17.0268628
0
LINE
8
layer1
10
13.8523804
20
-17.0268628
11
13.6292732
21
-17.2060664
0
LINE
8
layer1
10
13.6292732
20
-17.2060664
11
13.5463007
21
-17.2721386
0
LINE
8
layer1
10
13.5463007
20
-17.2721386
11
13.5345847
21
-17.2925506
0
LINE
8
layer1
10
13.5345847
20
-17.2925506
11
13.5298293
21
-17.3209002
0
LINE
8
layer1
10
13.5298293
20
-17.3209002
11
13.5323552
21
-17.3569006
0
LINE
8
layer1
10
13.5323552
20
-17.3569006
11
13.5424787
21
-17.400243
0
LINE
8
layer1
10
13.5424787
20
-17.400243
11
13.5605143
21
-17.4506329
0
LINE
8
layer1
10
13.5605143
20
-17.4506329
11
13.64467
21
-17.6371846
0
LINE
8
layer1
10
13.64467
20
-17.6371846
11
13.7392207
21
-17.8683791
0
LINE
8
layer1
10
13.7392207
20
-17.8683791
11
13.836333
21
-18.13744
0
LINE
8
layer1
10
13.836333
20
-18.13744
11
13.8846927
21
-18.2856019
0
LINE
8
layer1
10
13.8846927
20
-18.2856019
11
13.933725
21
-18.4472036
0
LINE
8
layer1
10
13.933725
20
-18.4472036
11
13.9813354
21
-18.6168977
0
LINE
8
layer1
10
13.9813354
20
-18.6168977
11
14.027813
21
-18.7969887
0
LINE
8
layer1
10
14.027813
20
-18.7969887
11
14.0723578
21
-18.9857165
0
LINE
8
layer1
10
14.0723578
20
-18.9857165
11
14.1155401
21
-19.1874903
0
LINE
8
layer1
10
14.1155401
20
-19.1874903
11
14.1531335
21
-19.3826904
0
ARC
8
layer1
10
-5e-7
20
0.0000028
40
24
50
304.2980674
51
306.1367096
0
LINE
8
layer1
10
13.5239559
20
-19.8268125
11
13.3526157
21
-19.7260211
0
LINE
8
layer1
10
13.3526157
20
-19.7260211
11
13.176953
21
-19.6177622
0
LINE
8
layer1
10
13.176953
20
-19.6177622
11
13.0140393
21
-19.5125883
0
LINE
8
layer1
10
13.0140393
20
-19.5125883
11
12.8599111
21
-19.4084855
0
LINE
8
layer1
10
12.8599111
20
-19.4084855
11
12.7159587
21
-19.306797
0
LINE
8
layer1
10
12.7159587
20
-19.306797
11
12.5801076
21
-19.2064786
0
LINE
8
layer1
10
12.5801076
20
-19.2064786
11
12.4566951
21
-19.1112948
0
LINE
8
layer1
10
12.4566951
20
-19.1112948
11
12.2356905
21
-18.9296867
0
LINE
8
layer1
10
12.2356905
20
-18.9296867
11
12.049508
21
-18.7631729
0
LINE
8
layer1
10
12.049508
20
-18.7631729
11
11.9019097
21
-18.6214038
0
LINE
8
layer1
10
11.9019097
20
-18.6214038
11
11.860469
21
-18.5875351
0
LINE
8
layer1
10
11.860469
20
-18.5875351
11
11.8230193
21
-18.5634816
0
LINE
8
layer1
10
11.8230193
20
-18.5634816
11
11.7899434
21
-18.5490457
0
LINE
8
layer1
10
11.7899434
20
-18.5490457
11
11.7616382
21
-18.5440329
0
LINE
8
layer1
10
11.7616382
20
-18.5440329
11
11.7384813
21
-18.5482369
0
LINE
8
layer1
10
11.7384813
20
-18.5482369
11
11.6484383
21
-18.6042924
0
LINE
8
layer1
10
11.6484383
20
-18.6042924
11
11.4048677
21
-18.7545059
0
LINE
8
layer1
10
11.4048677
20
-18.7545059
11
11.159437
21
-18.9016607
0
LINE
8
layer1
10
11.159437
20
-18.9016607
11
11.0682405
21
-18.9558193
0
LINE
8
layer1
10
11.0682405
20
-18.9558193
11
11.0538542
21
-18.9744459
0
LINE
8
layer1
10
11.0538542
20
-18.9744459
11
11.0452828
21
-19.0018839
0
LINE
8
layer1
10
11.0452828
20
-19.0018839
11
11.0428831
21
-19.037893
0
LINE
8
layer1
10
11.0428831
20
-19.037893
11
11.0470105
21
-19.0822102
0
LINE
8
layer1
10
11.0470105
20
-19.0822102
11
11.0580167
21
-19.1345865
0
LINE
8
layer1
10
11.0580167
20
-19.1345865
11
11.1159865
21
-19.3308599
0
LINE
8
layer1
10
11.1159865
20
-19.3308599
11
11.1781756
21
-19.5727757
0
LINE
8
layer1
10
11.1781756
20
-19.5727757
11
11.2377462
21
-19.8525541
0
LINE
8
layer1
10
11.2377462
20
-19.8525541
11
11.2654808
21
-20.0059209
0
LINE
8
layer1
10
11.2654808
20
-20.0059209
11
11.2920516
21
-20.172694
0
LINE
8
layer1
10
11.2920516
20
-20.172694
11
11.3161119
21
-20.3472906
0
LINE
8
layer1
10
11.3161119
20
-20.3472906
11
11.3376342
21
-20.5320328
0
LINE
8
layer1
10
11.3376342
20
-20.5320328
11
11.3560657
21
-20.7250683
0
LINE
8
layer1
10
11.3560657
20
-20.7250683
11
11.3713709
21
-20.9308427
0
LINE
8
layer1
10
11.3713709
20
-20.9308427
11
11.3820344
21
-21.1293438
0
ARC
8
layer1
10
-0.0000023
20
0.0000017
40
24
50
296.4719861
51
298.3106283
0
LINE
8
layer1
10
10.6982424
20
-21.4836562
11
10.5422225
21
-21.3604728
0
LINE
8
layer1
10
10.5422225
20
-21.3604728
11
10.3829372
21
-21.2293028
0
LINE
8
layer1
10
10.3829372
20
-21.2293028
11
10.2358621
21
-21.1029251
0
LINE
8
layer1
10
10.2358621
20
-21.1029251
11
10.0973447
21
-20.9788048
0
LINE
8
layer1
10
10.0973447
20
-20.9788048
11
9.9685797
21
-20.8584619
0
LINE
8
layer1
10
9.9685797
20
-20.8584619
11
9.8476539
21
-20.7405795
0
LINE
8
layer1
10
9.8476539
20
-20.7405795
11
9.7383518
21
-20.6294776
0
LINE
8
layer1
10
9.7383518
20
-20.6294776
11
9.5441346
21
-20.4194675
0
LINE
8
layer1
10
9.5441346
20
-20.4194675
11
9.3823599
21
-20.2291528
0
LINE
8
layer1
10
9.3823599
20
-20.2291528
11
9.2554405
21
-20.0686062
0
LINE
8
layer1
10
9.2554405
20
-20.0686062
11
9.2189976
21
-20.0294101
0
LINE
8
layer1
10
9.2189976
20
-20.0294101
11
9.185172
21
-20.0004813
0
LINE
8
layer1
10
9.185172
20
-20.0004813
11
9.1543699
21
-19.981676
0
LINE
8
layer1
10
9.1543699
20
-19.981676
11
9.1270108
21
-19.9728557
0
LINE
8
layer1
10
9.1270108
20
-19.9728557
11
9.1034972
21
-19.9738673
0
LINE
8
layer1
10
9.1034972
20
-19.9738673
11
9.00666
21
-20.0171398
0
LINE
8
layer1
10
9.00666
20
-20.0171398
11
8.7449039
21
-20.1327881
0
LINE
8
layer1
10
8.7449039
20
-20.1327881
11
8.4817216
21
-20.2451527
0
LINE
8
layer1
10
8.4817216
20
-20.2451527
11
8.3839999
21
-20.286389
0
LINE
8
layer1
10
8.3839999
20
-20.286389
11
8.3672113
21
-20.3028832
0
LINE
8
layer1
10
8.3672113
20
-20.3028832
11
8.3549835
21
-20.3288985
0
LINE
8
layer1
10
8.3549835
20
-20.3288985
11
8.347703
21
-20.3642454
0
LINE
8
layer1
10
8.347703
20
-20.3642454
11
8.3457574
21
-20.4087118
0
LINE
8
layer1
10
8.3457574
20
-20.4087118
11
8.3495292
21
-20.462099
0
LINE
8
layer1
10
8.3495292
20
-20.462099
11
8.3802332
21
-20.6644379
0
LINE
8
layer1
10
8.3802332
20
-20.6644379
11
8.4089022
21
-20.9125685
0
LINE
8
layer1
10
8.4089022
20
-20.9125685
11
8.4298215
21
-21.1978525
0
LINE
8
layer1
10
8.4298215
20
-21.1978525
11
8.4364143
21
-21.3535674
0
LINE
8
layer1
10
8.4364143
20
-21.3535674
11
8.4400287
21
-21.5224053
0
LINE
8
layer1
10
8.4400287
20
-21.5224053
11
8.4400907
21
-21.6986518
0
LINE
8
layer1
10
8.4400907
20
-21.6986518
11
8.4362568
21
-21.884604
0
LINE
8
layer1
10
8.4362568
20
-21.884604
11
8.4282316
21
-22.0783513
0
LINE
8
layer1
10
8.4282316
20
-22.0783513
11
8.4153746
21
-22.2842932
0
LINE
8
layer1
10
8.4153746
20
-22.2842932
11
8.3989096
21
-22.4823974
0
ARC
8
layer1
10
-4e-7
20
0.0000026
40
24
50
288.645895
51
290.4845373
0
LINE
8
layer1
10
7.673241
20
-22.7403001
11
7.5354477
21
-22.5970193
0
LINE
8
layer1
10
7.5354477
20
-22.5970193
11
7.395507
21
-22.4453817
0
LINE
8
layer1
10
7.395507
20
-22.4453817
11
7.2670101
21
-22.3001544
0
LINE
8
layer1
10
7.2670101
20
-22.3001544
11
7.146684
21
-22.1583287
0
LINE
8
layer1
10
7.146684
20
-22.1583287
11
7.0355049
21
-22.0215732
0
LINE
8
layer1
10
7.0355049
20
-22.0215732
11
6.9317571
21
-21.8883227
0
LINE
8
layer1
10
6.9317571
20
-21.8883227
11
6.8386015
21
-21.7633723
0
LINE
8
layer1
10
6.8386015
20
-21.7633723
11
6.6747895
21
-21.5288723
0
LINE
8
layer1
10
6.6747895
20
-21.5288723
11
6.5404361
21
-21.3183019
0
LINE
8
layer1
10
6.5404361
20
-21.3183019
11
6.4365599
21
-21.1419685
0
LINE
8
layer1
10
6.4365599
20
-21.1419685
11
6.4057937
21
-21.0981751
0
LINE
8
layer1
10
6.4057937
20
-21.0981751
11
6.3762223
21
-21.0649098
0
LINE
8
layer1
10
6.3762223
20
-21.0649098
11
6.3482677
21
-21.0420855
0
LINE
8
layer1
10
6.3482677
20
-21.0420855
11
6.3223645
21
-21.0296219
0
LINE
8
layer1
10
6.3223645
20
-21.0296219
11
6.2989321
21
-21.0274223
0
LINE
8
layer1
10
6.2989321
20
-21.0274223
11
6.1971046
21
-21.0571058
0
LINE
8
layer1
10
6.1971046
20
-21.0571058
11
5.9220391
21
-21.1360345
0
LINE
8
layer1
10
5.9220391
20
-21.1360345
11
5.6460078
21
-21.2115159
0
LINE
8
layer1
10
5.6460078
20
-21.2115159
11
5.5435813
21
-21.2390617
0
LINE
8
layer1
10
5.5435813
20
-21.2390617
11
5.5247031
21
-21.2531161
0
LINE
8
layer1
10
5.5247031
20
-21.2531161
11
5.5090468
21
-21.2772242
0
LINE
8
layer1
10
5.5090468
20
-21.2772242
11
5.497021
21
-21.3112505
0
LINE
8
layer1
10
5.497021
20
-21.3112505
11
5.4890387
21
-21.3550378
0
LINE
8
layer1
10
5.4890387
20
-21.3550378
11
5.4855058
21
-21.4084413
0
LINE
8
layer1
10
5.4855058
20
-21.4084413
11
5.488372
21
-21.6130765
0
LINE
8
layer1
10
5.488372
20
-21.6130765
11
5.4829868
21
-21.8627998
0
LINE
8
layer1
10
5.4829868
20
-21.8627998
11
5.4648651
21
-22.1482752
0
LINE
8
layer1
10
5.4648651
20
-22.1482752
11
5.4501933
21
-22.3034374
0
LINE
8
layer1
10
5.4501933
20
-22.3034374
11
5.430784
21
-22.4711949
0
LINE
8
layer1
10
5.430784
20
-22.4711949
11
5.4068465
21
-22.6458083
0
LINE
8
layer1
10
5.4068465
20
-22.6458083
11
5.3777279
21
-22.8295064
0
LINE
8
layer1
10
5.3777279
20
-22.8295064
11
5.3433954
21
-23.0203564
0
LINE
8
layer1
10
5.3433954
20
-23.0203564
11
5.3026158
21
-23.2226295
0
LINE
8
layer1
10
5.3026158
20
-23.2226295
11
5.259329
21
-23.4166465
0
ARC
8
layer1
10
0
20
0.0000027
40
24
50
280.8198081
51
282.6584502
0
LINE
8
layer1
10
4.5053015
20
-23.5733353
11
4.3883017
21
-23.4126261
0
LINE
8
layer1
10
4.3883017
20
-23.4126261
11
4.2703124
21
-23.2433456
0
LINE
8
layer1
10
4.2703124
20
-23.2433456
11
4.1627875
21
-23.0819739
0
LINE
8
layer1
10
4.1627875
20
-23.0819739
11
4.062894
21
-22.9250848
0
LINE
8
layer1
10
4.062894
20
-22.9250848
11
3.971372
21
-22.7744642
0
LINE
8
layer1
10
3.971372
20
-22.7744642
11
3.8867348
21
-22.6283278
0
LINE
8
layer1
10
3.8867348
20
-22.6283278
11
3.8114609
21
-22.4918565
0
LINE
8
layer1
10
3.8114609
20
-22.4918565
11
3.6811058
21
-22.237235
0
LINE
8
layer1
10
3.6811058
20
-22.237235
11
3.5766764
21
-22.0103314
0
LINE
8
layer1
10
3.5766764
20
-22.0103314
11
3.4977785
21
-21.8214958
0
LINE
8
layer1
10
3.4977785
20
-21.8214958
11
3.473262
21
-21.773921
0
LINE
8
layer1
10
3.473262
20
-21.773921
11
3.4484956
21
-21.7369389
0
LINE
8
layer1
10
3.4484956
20
-21.7369389
11
3.4239093
21
-21.7105207
0
LINE
8
layer1
10
3.4239093
20
-21.7105207
11
3.3999445
21
-21.6946461
0
LINE
8
layer1
10
3.3999445
20
-21.6946461
11
3.3770299
21
-21.6892762
0
LINE
8
layer1
10
3.3770299
20
-21.6892762
11
3.2721089
21
-21.7048177
0
LINE
8
layer1
10
3.2721089
20
-21.7048177
11
2.9888579
21
-21.7455565
0
LINE
8
layer1
10
2.9888579
20
-21.7455565
11
2.7051195
21
-21.7827486
0
LINE
8
layer1
10
2.7051195
20
-21.7827486
11
2.5998962
21
-21.7960908
0
LINE
8
layer1
10
2.5998962
20
-21.7960908
11
2.5792801
21
-21.8074438
0
LINE
8
layer1
10
2.5792801
20
-21.8074438
11
2.5604869
21
-21.8291954
0
LINE
8
layer1
10
2.5604869
20
-21.8291954
11
2.5439399
21
-21.8612673
0
LINE
8
layer1
10
2.5439399
20
-21.8612673
11
2.5300696
21
-21.9035598
0
LINE
8
layer1
10
2.5300696
20
-21.9035598
11
2.5192978
21
-21.9559849
0
LINE
8
layer1
10
2.5192978
20
-21.9559849
11
2.4942728
21
-22.1591043
0
LINE
8
layer1
10
2.4942728
20
-22.1591043
11
2.4549338
21
-22.4057684
0
LINE
8
layer1
10
2.4549338
20
-22.4057684
11
2.3981087
21
-22.6861173
0
LINE
8
layer1
10
2.3981087
20
-22.6861173
11
2.3624456
21
-22.8378365
0
LINE
8
layer1
10
2.3624456
20
-22.8378365
11
2.3203741
21
-23.0013886
0
LINE
8
layer1
10
2.3203741
20
-23.0013886
11
2.272883
21
-23.1711162
0
LINE
8
layer1
10
2.272883
20
-23.1711162
11
2.219022
21
-23.3491383
0
LINE
8
layer1
10
2.219022
20
-23.3491383
11
2.159022
21
-23.5335358
0
LINE
8
layer1
10
2.159022
20
-23.5335358
11
2.0910793
21
-23.7283721
0
LINE
8
layer1
10
2.0910793
20
-23.7283721
11
2.021777
21
-23.9146878
0
ARC
8
layer1
10
1e-7
20
0.0000026
40
24
50
272.9937217
51
274.8323638
0
LINE
8
layer1
10
1.2534368
20
-23.9672437
11
1.15941
21
-23.7921
0
LINE
8
layer1
10
1.15941
20
-23.7921
11
1.06557
21
-23.60833
0
LINE
8
layer1
10
1.06557
20
-23.60833
11
0.98102
21
-23.43382
0
LINE
8
layer1
10
0.98102
20
-23.43382
11
0.90342
21
-23.26479
0
LINE
8
layer1
10
0.90342
20
-23.26479
11
0.83326
21
-23.10311
0
LINE
8
layer1
10
0.83326
20
-23.10311
11
0.76931
21
-22.94681
0
LINE
8
layer1
10
0.76931
20
-22.94681
11
0.71332
21
-22.80136
0
LINE
8
layer1
10
0.71332
20
-22.80136
11
0.61885
21
-22.53136
0
LINE
8
layer1
10
0.61885
20
-22.53136
11
0.54629
21
-22.29235
0
LINE
8
layer1
10
0.54629
20
-22.29235
11
0.49384
21
-22.09453
0
LINE
8
layer1
10
0.49384
20
-22.09453
11
0.47603
21
-22.04406
0
LINE
8
layer1
10
0.47603
20
-22.04406
11
0.45653
21
-22.00405
0
LINE
8
layer1
10
0.45653
20
-22.00405
11
0.43577
21
-21.97453
0
LINE
8
layer1
10
0.43577
20
-21.97453
11
0.41419
21
-21.95554
0
LINE
8
layer1
10
0.41419
20
-21.95554
11
0.39222
21
-21.9471
0
LINE
8
layer1
10
0.39222
20
-21.9471
11
0.28616
21
-21.94821
0
LINE
8
layer1
10
0.28616
20
-21.94821
11
0
21
-21.95
0
LINE
8
layer1
10
0
20
-21.95
11
-0.28616
21
-21.94821
0
LINE
8
layer1
10
-0.28616
20
-21.94821
11
-0.39222
21
-21.9471
0
LINE
8
layer1
10
-0.39222
20
-21.9471
11
-0.41419
21
-21.95554
0
LINE
8
layer1
10
-0.41419
20
-21.95554
11
-0.43577
21
-21.97453
0
LINE
8
layer1
10
-0.43577
20
-21.97453
11
-0.45653
21
-22.00405
0
LINE
8
layer1
10
-0.45653
20
-22.00405
11
-0.47603
21
-22.04406
0
LINE
8
layer1
10
-0.47603
20
-22.04406
11
-0.49384
21
-22.09453
0
LINE
8
layer1
10
-0.49384
20
-22.09453
11
-0.54629
21
-22.29235
0
LINE
8
layer1
10
-0.54629
20
-22.29235
11
-0.61885
21
-22.53136
0
LINE
8
layer1
10
-0.61885
20
-22.53136
11
-0.71332
21
-22.80136
0
LINE
8
layer1
10
-0.71332
20
-22.80136
11
-0.76931
21
-22.94681
0
LINE
8
layer1
10
-0.76931
20
-22.94681
11
-0.83326
21
-23.10311
0
LINE
8
layer1
10
-0.83326
20
-23.10311
11
-0.90342
21
-23.26479
0
LINE
8
layer1
10
-0.90342
20
-23.26479
11
-0.98102
21
-23.43382
0
LINE
8
layer1
10
-0.98102
20
-23.43382
11
-1.06557
21
-23.60833
0
LINE
8
layer1
10
-1.06557
20
-23.60833
11
-1.15941
21
-23.7921
0
LINE
8
layer1
10
-1.15941
20
-23.7921
11
-1.2534368
21
-23.9672437
0
ARC
8
layer1
10
-1e-7
20
0.0000026
40
24
50
265.1676362
51
267.0062783
0
LINE
8
layer1
10
-2.021777
20
-23.9146878
11
-2.0910793
21
-23.7283721
0
LINE
8
layer1
10
-2.0910793
20
-23.7283721
11
-2.159022
21
-23.5335358
0
LINE
8
layer1
10
-2.159022
20
-23.5335358
11
-2.219022
21
-23.3491383
0
LINE
8
layer1
10
-2.219022
20
-23.3491383
11
-2.272883
21
-23.1711162
0
LINE
8
layer1
10
-2.272883
20
-23.1711162
11
-2.3203741
21
-23.0013886
0
LINE
8
layer1
10
-2.3203741
20
-23.0013886
11
-2.3624456
21
-22.8378365
0
LINE
8
layer1
10
-2.3624456
20
-22.8378365
11
-2.3981087
21
-22.6861173
0
LINE
8
layer1
10
-2.3981087
20
-22.6861173
11
-2.4549338
21
-22.4057684
0
LINE
8
layer1
10
-2.4549338
20
-22.4057684
11
-2.4942728
21
-22.1591043
0
LINE
8
layer1
10
-2.4942728
20
-22.1591043
11
-2.5192978
21
-21.9559849
0
LINE
8
layer1
10
-2.5192978
20
-21.9559849
11
-2.5300696
21
-21.9035598
0
LINE
8
layer1
10
-2.5300696
20
-21.9035598
11
-2.5439399
21
-21.8612673
0
LINE
8
layer1
10
-2.5439399
20
-21.8612673
11
-2.5604869
21
-21.8291954
0
LINE
8
layer1
10
-2.5604869
20
-21.8291954
11
-2.5792801
21
-21.8074438
0
LINE
8
layer1
10
-2.5792801
20
-21.8074438
11
-2.5998962
21
-21.7960908
0
LINE
8
layer1
10
-2.5998962
20
-21.7960908
11
-2.7051195
21
-21.7827486
0
LINE
8
layer1
10
-2.7051195
20
-21.7827486
11
-2.9888579
21
-21.7455565
0
LINE
8
layer1
10
-2.9888579
20
-21.7455565
11
-3.2721089
21
-21.7048177
0
LINE
8
layer1
10
-3.2721089
20
-21.7048177
11
-3.3770299
21
-21.6892762
0
LINE
8
layer1
10
-3.3770299
20
-21.6892762
11
-3.3999445
21
-21.6946461
0
LINE
8
layer1
10
-3.3999445
20
-21.6946461
11
-3.4239093
21
-21.7105207
0
LINE
8
layer1
10
-3.4239093
20
-21.7105207
11
-3.4484956
21
-21.7369389
0
LINE
8
layer1
10
-3.4484956
20
-21.7369389
11
-3.473262
21
-21.773921
0
LINE
8
layer1
10
-3.473262
20
-21.773921
11
-3.4977785
21
-21.8214958
0
LINE
8
layer1
10
-3.4977785
20
-21.8214958
11
-3.5766764
21
-22.0103314
0
LINE
8
layer1
10
-3.5766764
20
-22.0103314
11
-3.6811058
21
-22.237235
0
LINE
8
layer1
10
-3.6811058
20
-22.237235
11
-3.8114609
21
-22.4918565
0
LINE
8
layer1
10
-3.8114609
20
-22.4918565
11
-3.8867348
21
-22.6283278
0
LINE
8
layer1
10
-3.8867348
20
-22.6283278
11
-3.971372
21
-22.7744642
0
LINE
8
layer1
10
-3.971372
20
-22.7744642
11
-4.062894
21
-22.9250848
0
LINE
8
layer1
10
-4.062894
20
-22.9250848
11
-4.1627875
21
-23.0819739
0
LINE
8
layer1
10
-4.1627875
20
-23.0819739
11
-4.2703124
21
-23.2433456
0
LINE
8
layer1
10
-4.2703124
20
-23.2433456
11
-4.3883017
21
-23.4126261
0
LINE
8
layer1
10
-4.3883017
20
-23.4126261
11
-4.5053015
21
-23.5733353
0
ARC
8
layer1
10
0
20
0.0000026
40
24
50
257.3415498
51
259.1801919
0
LINE
8
layer1
10
-5.259329
20
-23.4166465
11
-5.3026158
21
-23.2226295
0
LINE
8
layer1
10
-5.3026158
20
-23.2226295
11
-5.3433954
21
-23.0203564
0
LINE
8
layer1
10
-5.3433954
20
-23.0203564
11
-5.3777279
21
-22.8295064
0
LINE
8
layer1
10
-5.3777279
20
-22.8295064
11
-5.4068465
21
-22.6458083
0
LINE
8
layer1
10
-5.4068465
20
-22.6458083
11
-5.430784
21
-22.4711949
0
LINE
8
layer1
10
-5.430784
20
-22.4711949
11
-5.4501933
21
-22.3034374
0
LINE
8
layer1
10
-5.4501933
20
-22.3034374
11
-5.4648651
21
-22.1482752
0
LINE
8
layer1
10
-5.4648651
20
-22.1482752
11
-5.4829868
21
-21.8627998
0
LINE
8
layer1
10
-5.4829868
20
-21.8627998
11
-5.488372
21
-21.6130765
0
LINE
8
layer1
10
-5.488372
20
-21.6130765
11
-5.4855058
21
-21.4084413
0
LINE
8
layer1
10
-5.4855058
20
-21.4084413
11
-5.4890387
21
-21.3550378
0
LINE
8
layer1
10
-5.4890387
20
-21.3550378
11
-5.497021
21
-21.3112505
0
LINE
8
layer1
10
-5.497021
20
-21.3112505
11
-5.5090468
21
-21.2772242
0
LINE
8
layer1
10
-5.5090468
20
-21.2772242
11
-5.5247031
21
-21.2531161
0
LINE
8
layer1
10
-5.5247031
20
-21.2531161
11
-5.5435813
21
-21.2390617
0
LINE
8
layer1
10
-5.5435813
20
-21.2390617
11
-5.6460078
21
-21.2115159
0
LINE
8
layer1
10
-5.6460078
20
-21.2115159
11
-5.9220391
21
-21.1360345
0
LINE
8
layer1
10
-5.9220391
20
-21.1360345
11
-6.1971046
21
-21.0571058
0
LINE
8
layer1
10
-6.1971046
20
-21.0571058
11
-6.2989321
21
-21.0274223
0
LINE
8
layer1
10
-6.2989321
20
-21.0274223
11
-6.3223645
21
-21.0296219
0
LINE
8
layer1
10
-6.3223645
20
-21.0296219
11
-6.3482677
21
-21.0420855
0
LINE
8
layer1
10
-6.3482677
20
-21.0420855
11
-6.3762223
21
-21.0649098
0
LINE
8
layer1
10
-6.3762223
20
-21.0649098
11
-6.4057937
21
-21.0981751
0
LINE
8
layer1
10
-6.4057937
20
-21.0981751
11
-6.4365599
21
-21.1419685
0
LINE
8
layer1
10
-6.4365599
20
-21.1419685
11
-6.5404361
21
-21.3183019
0
LINE
8
layer1
10
-6.5404361
20
-21.3183019
11
-6.6747895
21
-21.5288723
0
LINE
8
layer1
10
-6.6747895
20
-21.5288723
11
-6.8386015
21
-21.7633723
0
LINE
8
layer1
10
-6.8386015
20
-21.7633723
11
-6.9317571
21
-21.8883227
0
LINE
8
layer1
10
-6.9317571
20
-21.8883227
11
-7.0355049
21
-22.0215732
0
LINE
8
layer1
10
-7.0355049
20
-22.0215732
11
-7.146684
21
-22.1583287
0
LINE
8
layer1
10
-7.146684
20
-22.1583287
11
-7.2670101
21
-22.3001544
0
LINE
8
layer1
10
-7.2670101
20
-22.3001544
11
-7.395507
21
-22.4453817
0
LINE
8
layer1
10
-7.395507
20
-22.4453817
11
-7.5354477
21
-22.5970193
0
LINE
8
layer1
10
-7.5354477
20
-22.5970193
11
-7.673241
21
-22.7403001
0
ARC
8
layer1
10
3e-7
20
0.0000026
40
24
50
249.5154627
51
251.354105
0
LINE
8
layer1
10
-8.3989096
20
-22.4823974
11
-8.4153746
21
-22.2842932
0
LINE
8
layer1
10
-8.4153746
20
-22.2842932
11
-8.4282316
21
-22.0783513
0
LINE
8
layer1
10
-8.4282316
20
-22.0783513
11
-8.4362568
21
-21.884604
0
LINE
8
layer1
10
-8.4362568
20
-21.884604
11
-8.4400907
21
-21.6986518
0
LINE
8
layer1
10
-8.4400907
20
-21.6986518
11
-8.4400287
21
-21.5224053
0
LINE
8
layer1
10
-8.4400287
20
-21.5224053
11
-8.4364143
21
-21.3535674
0
LINE
8
layer1
10
-8.4364143
20
-21.3535674
11
-8.4298215
21
-21.1978525
0
LINE
8
layer1
10
-8.4298215
20
-21.1978525
11
-8.4089022
21
-20.9125685
0
LINE
8
layer1
10
-8.4089022
20
-20.9125685
11
-8.3802332
21
-20.6644379
0
LINE
8
layer1
10
-8.3802332
20
-20.6644379
11
-8.3495292
21
-20.462099
0
LINE
8
layer1
10
-8.3495292
20
-20.462099
11
-8.3457574
21
-20.4087118
0
LINE
8
layer1
10
-8.3457574
20
-20.4087118
11
-8.347703
21
-20.3642454
0
LINE
8
layer1
10
-8.347703
20
-20.3642454
11
-8.3549835
21
-20.3288985
0
LINE
8
layer1
10
-8.3549835
20
-20.3288985
11
-8.3672113
21
-20.3028832
0
LINE
8
layer1
10
-8.3672113
20
-20.3028832
11
-8.3839999
21
-20.286389
0
LINE
8
layer1
10
-8.3839999
20
-20.286389
11
-8.4817216
21
-20.2451527
0
LINE
8
layer1
10
-8.4817216
20
-20.2451527
11
-8.7449039
21
-20.1327881
0
LINE
8
layer1
10
-8.7449039
20
-20.1327881
11
-9.00666
21
-20.0171398
0
LINE
8
layer1
10
-9.00666
20
-20.0171398
11
-9.1034972
21
-19.9738673
0
LINE
8
layer1
10
-9.1034972
20
-19.9738673
11
-9.1270108
21
-19.9728557
0
LINE
8
layer1
10
-9.1270108
20
-19.9728557
11
-9.1543699
21
-19.981676
0
LINE
8
layer1
10
-9.1543699
20
-19.981676
11
-9.185172
21
-20.0004813
0
LINE
8
layer1
10
-9.185172
20
-20.0004813
11
-9.2189976
21
-20.0294101
0
LINE
8
layer1
10
-9.2189976
20
-20.0294101
11
-9.2554405
21
-20.0686062
0
LINE
8
layer1
10
-9.2554405
20
-20.0686062
11
-9.3823599
21
-20.2291528
0
LINE
8
layer1
10
-9.3823599
20
-20.2291528
11
-9.5441346
21
-20.4194675
0
LINE
8
layer1
10
-9.5441346
20
-20.4194675
11
-9.7383518
21
-20.6294776
0
LINE
8
layer1
10
-9.7383518
20
-20.6294776
11
-9.8476539
21
-20.7405795
0
LINE
8
layer1
10
-9.8476539
20
-20.7405795
11
-9.9685797
21
-20.8584619
0
LINE
8
layer1
10
-9.9685797
20
-20.8584619
11
-10.0973447
21
-20.9788048
0
LINE
8
layer1
10
-10.0973447
20
-20.9788048
11
-10.2358621
21
-21.1029251
0
LINE
8
layer1
10
-10.2358621
20
-21.1029251
11
-10.3829372
21
-21.2293028
0
LINE
8
layer1
10
-10.3829372
20
-21.2293028
11
-10.5422225
21
-21.3604728
0
LINE
8
layer1
10
-10.5422225
20
-21.3604728
11
-10.6982424
21
-21.4836562
0
ARC
8
layer1
10
0.0000023
20
0.0000018
40
24
50
241.6893717
51
243.5280139
0
LINE
8
layer1
10
-11.3820344
20
-21.1293438
11
-11.3713709
21
-20.9308427
0
LINE
8
layer1
10
-11.3713709
20
-20.9308427
11
-11.3560657
21
-20.7250683
0
LINE
8
layer1
10
-11.3560657
20
-20.7250683
11
-11.3376342
21
-20.5320328
0
LINE
8
layer1
10
-11.3376342
20
-20.5320328
11
-11.3161119
21
-20.3472906
0
LINE
8
layer1
10
-11.3161119
20
-20.3472906
11
-11.2920516
21
-20.172694
0
LINE
8
layer1
10
-11.2920516
20
-20.172694
11
-11.2654808
21
-20.0059209
0
LINE
8
layer1
10
-11.2654808
20
-20.0059209
11
-11.2377462
21
-19.8525541
0
LINE
8
layer1
10
-11.2377462
20
-19.8525541
11
-11.1781756
21
-19.5727757
0
LINE
8
layer1
10
-11.1781756
20
-19.5727757
11
-11.1159865
21
-19.3308599
0
LINE
8
layer1
10
-11.1159865
20
-19.3308599
11
-11.0580167
21
-19.1345865
0
LINE
8
layer1
10
-11.0580167
20
-19.1345865
11
-11.0470105
21
-19.0822102
0
LINE
8
layer1
10
-11.0470105
20
-19.0822102
11
-11.0428831
21
-19.037893
0
LINE
8
layer1
10
-11.0428831
20
-19.037893
11
-11.0452828
21
-19.0018839
0
LINE
8
layer1
10
-11.0452828
20
-19.0018839
11
-11.0538542
21
-18.9744459
0
LINE
8
layer1
10
-11.0538542
20
-18.9744459
11
-11.0682405
21
-18.9558193
0
LINE
8
layer1
10
-11.0682405
20
-18.9558193
11
-11.159437
21
-18.9016607
0
LINE
8
layer1
10
-11.159437
20
-18.9016607
11
-11.4048677
21
-18.7545059
0
LINE
8
layer1
10
-11.4048677
20
-18.7545059
11
-11.6484383
21
-18.6042924
0
LINE
8
layer1
10
-11.6484383
20
-18.6042924
11
-11.7384813
21
-18.5482369
0
LINE
8
layer1
10
-11.7384813
20
-18.5482369
11
-11.7616382
21
-18.5440329
0
LINE
8
layer1
10
-11.7616382
20
-18.5440329
11
-11.7899434
21
-18.5490457
0
LINE
8
layer1
10
-11.7899434
20
-18.5490457
11
-11.8230193
21
-18.5634816
0
LINE
8
layer1
10
-11.8230193
20
-18.5634816
11
-11.860469
21
-18.5875351
0
LINE
8
layer1
10
-11.860469
20
-18.5875351
11
-11.9019097
21
-18.6214038
0
LINE
8
layer1
10
-11.9019097
20
-18.6214038
11
-12.049508
21
-18.7631729
0
LINE
8
layer1
10
-12.049508
20
-18.7631729
11
-12.2356905
21
-18.9296867
0
LINE
8
layer1
10
-12.2356905
20
-18.9296867
11
-12.4566951
21
-19.1112948
0
LINE
8
layer1
10
-12.4566951
20
-19.1112948
11
-12.5801076
21
-19.2064786
0
LINE
8
layer1
10
-12.5801076
20
-19.2064786
11
-12.7159587
21
-19.306797
0
LINE
8
layer1
10
-12.7159587
20
-19.306797
11
-12.8599111
21
-19.4084855
0
LINE
8
layer1
10
-12.8599111
20
-19.4084855
11
-13.0140393
21
-19.5125883
0
LINE
8
layer1
10
-13.0140393
20
-19.5125883
11
-13.176953
21
-19.6177622
0
LINE
8
layer1
10
-13.176953
20
-19.6177622
11
-13.3526157
21
-19.7260211
0
LINE
8
layer1
10
-13.3526157
20
-19.7260211
11
-13.5239559
21
-19.8268125
0
ARC
8
layer1
10
5e-7
20
0.0000028
40
24
50
233.8632906
51
235.7019327
0
LINE
8
layer1
10
-14.1531335
20
-19.3826904
11
-14.1155401
21
-19.1874903
0
LINE
8
layer1
10
-14.1155401
20
-19.1874903
11
-14.0723578
21
-18.9857165
0
LINE
8
layer1
10
-14.0723578
20
-18.9857165
11
-14.027813
21
-18.7969887
0
LINE
8
layer1
10
-14.027813
20
-18.7969887
11
-13.9813354
21
-18.6168977
0
LINE
8
layer1
10
-13.9813354
20
-18.6168977
11
-13.933725
21
-18.4472036
0
LINE
8
layer1
10
-13.933725
20
-18.4472036
11
-13.8846927
21
-18.2856019
0
LINE
8
layer1
10
-13.8846927
20
-18.2856019
11
-13.836333
21
-18.13744
0
LINE
8
layer1
10
-13.836333
20
-18.13744
11
-13.7392207
21
-17.8683791
0
LINE
8
layer1
10
-13.7392207
20
-17.8683791
11
-13.64467
21
-17.6371846
0
LINE
8
layer1
10
-13.64467
20
-17.6371846
11
-13.5605143
21
-17.4506329
0
LINE
8
layer1
10
-13.5605143
20
-17.4506329
11
-13.5424787
21
-17.400243
0
LINE
8
layer1
10
-13.5424787
20
-17.400243
11
-13.5323552
21
-17.3569006
0
LINE
8
layer1
10
-13.5323552
20
-17.3569006
11
-13.5298293
21
-17.3209002
0
LINE
8
layer1
10
-13.5298293
20
-17.3209002
11
-13.5345847
21
-17.2925506
0
LINE
8
layer1
10
-13.5345847
20
-17.2925506
11
-13.5463007
21
-17.2721386
0
LINE
8
layer1
10
-13.5463007
20
-17.2721386
11
-13.6292732
21
-17.2060664
0
LINE
8
layer1
10
-13.6292732
20
-17.2060664
11
-13.8523804
21
-17.0268628
0
LINE
8
layer1
10
-13.8523804
20
-17.0268628
11
-14.0732283
21
-16.8448822
0
LINE
8
layer1
10
-14.0732283
20
-16.8448822
11
-14.1547997
21
-16.777088
0
LINE
8
layer1
10
-14.1547997
20
-16.777088
11
-14.1771685
21
-16.76977
0
LINE
8
layer1
10
-14.1771685
20
-16.76977
11
-14.2058927
21
-16.7708818
0
LINE
8
layer1
10
-14.2058927
20
-16.7708818
11
-14.2406262
21
-16.7806794
0
LINE
8
layer1
10
-14.2406262
20
-16.7806794
11
-14.2810024
21
-16.7994094
0
LINE
8
layer1
10
-14.2810024
20
-16.7994094
11
-14.3266688
21
-16.8273199
0
LINE
8
layer1
10
-14.3266688
20
-16.8273199
11
-14.4921967
21
-16.9476706
0
LINE
8
layer1
10
-14.4921967
20
-16.9476706
11
-14.6993186
21
-17.0872816
0
LINE
8
layer1
10
-14.6993186
20
-17.0872816
11
-14.9429938
21
-17.2371047
0
LINE
8
layer1
10
-14.9429938
20
-17.2371047
11
-15.0782176
21
-17.3145973
0
LINE
8
layer1
10
-15.0782176
20
-17.3145973
11
-15.2264634
21
-17.3954829
0
LINE
8
layer1
10
-15.2264634
20
-17.3954829
11
-15.3829216
21
-17.4766228
0
LINE
8
layer1
10
-15.3829216
20
-17.4766228
11
-15.5497896
21
-17.5587689
0
LINE
8
layer1
10
-15.5497896
20
-17.5587689
11
-15.7255071
21
-17.6407798
0
LINE
8
layer1
10
-15.7255071
20
-17.6407798
11
-15.9142749
21
-17.7241109
0
LINE
8
layer1
10
-15.9142749
20
-17.7241109
11
-16.0977437
21
-17.8006327
0
ARC
8
layer1
10
0.0000021
20
0.0000016
40
24
50
226.0371994
51
227.8758417
0
LINE
8
layer1
10
-16.6605865
20
-17.2749743
11
-16.5967634
21
-17.0867112
0
LINE
8
layer1
10
-16.5967634
20
-17.0867112
11
-16.5265085
21
-16.8926967
0
LINE
8
layer1
10
-16.5265085
20
-16.8926967
11
-16.4566802
21
-16.7117922
0
LINE
8
layer1
10
-16.4566802
20
-16.7117922
11
-16.3861131
21
-16.5397074
0
LINE
8
layer1
10
-16.3861131
20
-16.5397074
11
-16.3158394
21
-16.3780767
0
LINE
8
layer1
10
-16.3158394
20
-16.3780767
11
-16.2452591
21
-16.2246567
0
LINE
8
layer1
10
-16.2452591
20
-16.2246567
11
-16.1771751
21
-16.0844598
0
LINE
8
layer1
10
-16.1771751
20
-16.0844598
11
-16.0443302
21
-15.8311284
0
LINE
8
layer1
10
-16.0443302
20
-15.8311284
11
-15.9191792
21
-15.6149619
0
LINE
8
layer1
10
-15.9191792
20
-15.6149619
11
-15.8104051
21
-15.4416069
0
LINE
8
layer1
10
-15.8104051
20
-15.4416069
11
-15.7856761
21
-15.3941423
0
LINE
8
layer1
10
-15.7856761
20
-15.3941423
11
-15.7697451
21
-15.352582
0
LINE
8
layer1
10
-15.7697451
20
-15.352582
11
-15.7623406
21
-15.3172609
0
LINE
8
layer1
10
-15.7623406
20
-15.3172609
11
-15.7631916
21
-15.2885278
0
LINE
8
layer1
10
-15.7631916
20
-15.2885278
11
-15.772019
21
-15.2667106
0
LINE
8
layer1
10
-15.772019
20
-15.2667106
11
-15.8452218
21
-15.1899557
0
LINE
8
layer1
10
-15.8452218
20
-15.1899557
11
-16.0418494
21
-14.9820415
0
LINE
8
layer1
10
-16.0418494
20
-14.9820415
11
-16.2358606
21
-14.7716837
0
LINE
8
layer1
10
-16.2358606
20
-14.7716837
11
-16.307441
21
-14.6934136
0
LINE
8
layer1
10
-16.307441
20
-14.6934136
11
-16.3286049
21
-14.6831179
0
LINE
8
layer1
10
-16.3286049
20
-14.6831179
11
-16.357213
21
-14.6803081
0
LINE
8
layer1
10
-16.357213
20
-14.6803081
11
-16.3929571
21
-14.6852849
0
LINE
8
layer1
10
-16.3929571
20
-14.6852849
11
-16.4355076
21
-14.6983426
0
LINE
8
layer1
10
-16.4355076
20
-14.6983426
11
-16.4845492
21
-14.7197749
0
LINE
8
layer1
10
-16.4845492
20
-14.7197749
11
-16.6649231
21
-14.8164652
0
LINE
8
layer1
10
-16.6649231
20
-14.8164652
11
-16.8891262
21
-14.9265728
0
LINE
8
layer1
10
-16.8891262
20
-14.9265728
11
-17.1509327
21
-15.04182
0
LINE
8
layer1
10
-17.1509327
20
-15.04182
11
-17.295449
21
-15.1001779
0
LINE
8
layer1
10
-17.295449
20
-15.1001779
11
-17.4533279
21
-15.160124
0
LINE
8
layer1
10
-17.4533279
20
-15.160124
11
-17.6193774
21
-15.2192037
0
LINE
8
layer1
10
-17.6193774
20
-15.2192037
11
-17.7958767
21
-15.2778628
0
LINE
8
layer1
10
-17.7958767
20
-15.2778628
11
-17.9811248
21
-15.335183
0
LINE
8
layer1
10
-17.9811248
20
-15.335183
11
-18.1794813
21
-15.3920341
0
LINE
8
layer1
10
-18.1794813
20
-15.3920341
11
-18.3716609
21
-15.4428609
0
ARC
8
layer1
10
0.0000022
20
0.0000014
40
24
50
218.211113
51
220.0497553
0
LINE
8
layer1
10
-18.8576842
20
-14.845458
11
-18.7688205
21
-14.667639
0
LINE
8
layer1
10
-18.7688205
20
-14.667639
11
-18.6728016
21
-14.484998
0
LINE
8
layer1
10
-18.6728016
20
-14.484998
11
-18.5789905
21
-14.3152867
0
LINE
8
layer1
10
-18.5789905
20
-14.3152867
11
-18.4856485
21
-14.1544135
0
LINE
8
layer1
10
-18.4856485
20
-14.1544135
11
-18.3940207
21
-14.0038572
0
LINE
8
layer1
10
-18.3940207
20
-14.0038572
11
-18.303207
21
-13.8614769
0
LINE
8
layer1
10
-18.303207
20
-13.8614769
11
-18.216667
21
-13.7318566
0
LINE
8
layer1
10
-18.216667
20
-13.7318566
11
-18.0505642
21
-13.4989738
0
LINE
8
layer1
10
-18.0505642
20
-13.4989738
11
-17.8971441
21
-13.3018621
0
LINE
8
layer1
10
-17.8971441
20
-13.3018621
11
-17.765778
21
-13.1449331
0
LINE
8
layer1
10
-17.765778
20
-13.1449331
11
-17.7348162
21
-13.1012778
0
LINE
8
layer1
10
-17.7348162
20
-13.1012778
11
-17.7133745
21
-13.0622739
0
LINE
8
layer1
10
-17.7133745
20
-13.0622739
11
-17.7012294
21
-13.02829
0
LINE
8
layer1
10
-17.7012294
20
-13.02829
11
-17.6981599
21
-12.9997086
0
LINE
8
layer1
10
-17.6981599
20
-12.9997086
11
-17.7039344
21
-12.9768926
0
LINE
8
layer1
10
-17.7039344
20
-12.9768926
11
-17.7660039
21
-12.8908849
0
LINE
8
layer1
10
-17.7660039
20
-12.8908849
11
-17.9324892
21
-12.6581331
0
LINE
8
layer1
10
-17.9324892
20
-12.6581331
11
-18.0960496
21
-12.4233167
0
LINE
8
layer1
10
-18.0960496
20
-12.4233167
11
-18.1563055
21
-12.3360288
0
LINE
8
layer1
10
-18.1563055
20
-12.3360288
11
-18.1758704
21
-12.3229471
0
LINE
8
layer1
10
-18.1758704
20
-12.3229471
11
-18.2038294
21
-12.3162681
0
LINE
8
layer1
10
-18.2038294
20
-12.3162681
11
-18.2399182
21
-12.3163314
0
LINE
8
layer1
10
-18.2399182
20
-12.3163314
11
-18.2838505
21
-12.3234734
0
LINE
8
layer1
10
-18.2838505
20
-12.3234734
11
-18.3353536
21
-12.3380283
0
LINE
8
layer1
10
-18.3353536
20
-12.3380283
11
-18.5272135
21
-12.4092571
0
LINE
8
layer1
10
-18.5272135
20
-12.4092571
11
-18.7643214
21
-12.4878101
0
LINE
8
layer1
10
-18.7643214
20
-12.4878101
11
-19.0393822
21
-12.5663347
0
LINE
8
layer1
10
-19.0393822
20
-12.5663347
11
-19.1904988
21
-12.6044707
0
LINE
8
layer1
10
-19.1904988
20
-12.6044707
11
-19.35507
21
-12.6423606
0
LINE
8
layer1
10
-19.35507
20
-12.6423606
11
-19.5276175
21
-12.6782797
0
LINE
8
layer1
10
-19.5276175
20
-12.6782797
11
-19.7104603
21
-12.7123591
0
LINE
8
layer1
10
-19.7104603
20
-12.7123591
11
-19.9017881
21
-12.7439207
0
LINE
8
layer1
10
-19.9017881
20
-12.7439207
11
-20.1060383
21
-12.7732328
0
LINE
8
layer1
10
-20.1060383
20
-12.7732328
11
-20.3033489
21
-12.7974177
0
ARC
8
layer1
10
0.0000021
20
0.0000014
40
24
50
210.3850269
51
212.2236692
0
LINE
8
layer1
10
-20.703499
20
-12.1393989
11
-20.5912499
21
-11.9753364
0
LINE
8
layer1
10
-20.5912499
20
-11.9753364
11
-20.4712557
21
-11.8074711
0
LINE
8
layer1
10
-20.4712557
20
-11.8074711
11
-20.3552094
21
-11.6521144
0
LINE
8
layer1
10
-20.3552094
20
-11.6521144
11
-20.2408312
21
-11.5054498
0
LINE
8
layer1
10
-20.2408312
20
-11.5054498
11
-20.1295561
21
-11.3687724
0
LINE
8
layer1
10
-20.1295561
20
-11.3687724
11
-20.0202008
21
-11.240084
0
LINE
8
layer1
10
-20.0202008
20
-11.240084
11
-19.9168169
21
-11.1234548
0
LINE
8
layer1
10
-19.9168169
20
-11.1234548
11
-19.7205502
21
-10.9153588
0
LINE
8
layer1
10
-19.7205502
20
-10.9153588
11
-19.5417191
21
-10.7409737
0
LINE
8
layer1
10
-19.5417191
20
-10.7409737
11
-19.3902081
21
-10.603394
0
LINE
8
layer1
10
-19.3902081
20
-10.603394
11
-19.3535903
21
-10.5643613
0
LINE
8
layer1
10
-19.3535903
20
-10.5643613
11
-19.3270372
21
-10.5286403
0
LINE
8
layer1
10
-19.3270372
20
-10.5286403
11
-19.3103778
21
-10.4966267
0
LINE
8
layer1
10
-19.3103778
20
-10.4966267
11
-19.3034451
21
-10.4687295
0
LINE
8
layer1
10
-19.3034451
20
-10.4687295
11
-19.306059
21
-10.4453397
0
LINE
8
layer1
10
-19.306059
20
-10.4453397
11
-19.355839
21
-10.3516813
0
LINE
8
layer1
10
-19.355839
20
-10.3516813
11
-19.4890805
21
-10.0984276
0
LINE
8
layer1
10
-19.4890805
20
-10.0984276
11
-19.6191434
21
-9.8435268
0
LINE
8
layer1
10
-19.6191434
20
-9.8435268
11
-19.6669524
21
-9.748847
0
LINE
8
layer1
10
-19.6669524
20
-9.748847
11
-19.6845538
21
-9.7332232
0
LINE
8
layer1
10
-19.6845538
20
-9.7332232
11
-19.7113429
21
-9.7227992
0
LINE
8
layer1
10
-19.7113429
20
-9.7227992
11
-19.7471042
21
-9.7179479
0
LINE
8
layer1
10
-19.7471042
20
-9.7179479
11
-19.7915998
21
-9.7190413
0
LINE
8
layer1
10
-19.7915998
20
-9.7190413
11
-19.8446051
21
-9.7264475
0
LINE
8
layer1
10
-19.8446051
20
-9.7264475
11
-20.044377
21
-9.770888
0
LINE
8
layer1
10
-20.044377
20
-9.770888
11
-20.2899727
21
-9.8164232
0
LINE
8
layer1
10
-20.2899727
20
-9.8164232
11
-20.5731641
21
-9.8567623
0
LINE
8
layer1
10
-20.5731641
20
-9.8567623
11
-20.728066
21
-9.873966
0
LINE
8
layer1
10
-20.728066
20
-9.873966
11
-20.8962637
21
-9.8890939
0
LINE
8
layer1
10
-20.8962637
20
-9.8890939
11
-21.0720951
21
-9.9011832
0
LINE
8
layer1
10
-21.0720951
20
-9.9011832
11
-21.2578754
21
-9.9100481
0
LINE
8
layer1
10
-21.2578754
20
-9.9100481
11
-21.4517187
21
-9.9152634
0
LINE
8
layer1
10
-21.4517187
20
-9.9152634
11
-21.6580579
21
-9.9164904
0
LINE
8
layer1
10
-21.6580579
20
-9.9164904
11
-21.8568239
21
-9.9135829
0
ARC
8
layer1
10
0.000002
20
0.0000017
40
24
50
202.5589415
51
204.3975838
0
LINE
8
layer1
10
-22.1636468
20
-9.2072058
11
-22.0301033
21
-9.059956
0
LINE
8
layer1
10
-22.0301033
20
-9.059956
11
-21.8883691
21
-8.9099934
0
LINE
8
layer1
10
-21.8883691
20
-8.9099934
11
-21.7522492
21
-8.7718854
0
LINE
8
layer1
10
-21.7522492
20
-8.7718854
11
-21.6189655
21
-8.6421612
0
LINE
8
layer1
10
-21.6189655
20
-8.6421612
11
-21.4901159
21
-8.5219089
0
LINE
8
layer1
10
-21.4901159
20
-8.5219089
11
-21.3642561
21
-8.4093096
0
LINE
8
layer1
10
-21.3642561
20
-8.4093096
11
-21.2459542
21
-8.3078442
0
LINE
8
layer1
10
-21.2459542
20
-8.3078442
11
-21.0231798
21
-8.1284113
0
LINE
8
layer1
10
-21.0231798
20
-8.1284113
11
-20.8222689
21
-7.9800012
0
LINE
8
layer1
10
-20.8222689
20
-7.9800012
11
-20.6534353
21
-7.8643338
0
LINE
8
layer1
10
-20.6534353
20
-7.8643338
11
-20.6118436
21
-7.8306507
0
LINE
8
layer1
10
-20.6118436
20
-7.8306507
11
-20.5806739
21
-7.7988781
0
LINE
8
layer1
10
-20.5806739
20
-7.7988781
11
-20.5598104
21
-7.7694311
0
LINE
8
layer1
10
-20.5598104
20
-7.7694311
11
-20.5491436
21
-7.7427378
0
LINE
8
layer1
10
-20.5491436
20
-7.7427378
11
-20.5485482
21
-7.7192099
0
LINE
8
layer1
10
-20.5485482
20
-7.7192099
11
-20.5851114
21
-7.6196454
0
LINE
8
layer1
10
-20.5851114
20
-7.6196454
11
-20.6826272
21
-7.3506075
0
LINE
8
layer1
10
-20.6826272
20
-7.3506075
11
-20.7767697
21
-7.0803707
0
LINE
8
layer1
10
-20.7767697
20
-7.0803707
11
-20.8112412
21
-6.9800628
0
LINE
8
layer1
10
-20.8112412
20
-6.9800628
11
-20.8265512
21
-6.9621877
0
LINE
8
layer1
10
-20.8265512
20
-6.9621877
11
-20.8516714
21
-6.948213
0
LINE
8
layer1
10
-20.8516714
20
-6.948213
11
-20.886439
21
-6.9385374
0
LINE
8
layer1
10
-20.886439
20
-6.9385374
11
-20.930669
21
-6.9335618
0
LINE
8
layer1
10
-20.930669
20
-6.9335618
11
-20.9841892
21
-6.9336815
0
LINE
8
layer1
10
-20.9841892
20
-6.9336815
11
-21.1881517
21
-6.9505058
0
LINE
8
layer1
10
-21.1881517
20
-6.9505058
11
-21.4376603
21
-6.9621749
0
LINE
8
layer1
10
-21.4376603
20
-6.9621749
11
-21.7237068
21
-6.963577
0
LINE
8
layer1
10
-21.7237068
20
-6.963577
11
-21.8795086
21
-6.9595281
0
LINE
8
layer1
10
-21.8795086
20
-6.9595281
11
-22.0481995
21
-6.9516122
0
LINE
8
layer1
10
-22.0481995
20
-6.9516122
11
-22.2240394
21
-6.9396465
0
LINE
8
layer1
10
-22.2240394
20
-6.9396465
11
-22.4092964
21
-6.9231317
0
LINE
8
layer1
10
-22.4092964
20
-6.9231317
11
-22.6020445
21
-6.9019034
0
LINE
8
layer1
10
-22.6020445
20
-6.9019034
11
-22.8066289
21
-6.8750225
0
LINE
8
layer1
10
-22.8066289
20
-6.8750225
11
-23.0031476
21
-6.8450768
0
ARC
8
layer1
10
0.0000025
20
6e-7
40
24
50
194.7328526
51
196.5714949
0
LINE
8
layer1
10
-23.2109277
20
-6.1034999
11
-23.0585776
21
-5.9758057
0
LINE
8
layer1
10
-23.0585776
20
-5.9758057
11
-22.8977436
21
-5.8465393
0
LINE
8
layer1
10
-22.8977436
20
-5.8465393
11
-22.7440859
21
-5.7282527
0
LINE
8
layer1
10
-22.7440859
20
-5.7282527
11
-22.5943795
21
-5.6178856
0
LINE
8
layer1
10
-22.5943795
20
-5.6178856
11
-22.4503556
21
-5.5162983
0
LINE
8
layer1
10
-22.4503556
20
-5.5162983
11
-22.3103358
21
-5.4218857
0
LINE
8
layer1
10
-22.3103358
20
-5.4218857
11
-22.1793195
21
-5.3374741
0
LINE
8
layer1
10
-22.1793195
20
-5.3374741
11
-21.9341873
21
-5.1900469
0
LINE
8
layer1
10
-21.9341873
20
-5.1900469
11
-21.7149392
21
-5.0703765
0
LINE
8
layer1
10
-21.7149392
20
-5.0703765
11
-21.531928
21
-4.9787759
0
LINE
8
layer1
10
-21.531928
20
-4.9787759
11
-21.4861372
21
-4.95107
0
LINE
8
layer1
10
-21.4861372
20
-4.95107
11
-21.4509314
21
-4.9238375
0
LINE
8
layer1
10
-21.4509314
20
-4.9238375
11
-21.4262526
21
-4.8975057
0
LINE
8
layer1
10
-21.4262526
20
-4.8975057
11
-21.4120504
21
-4.8725135
0
LINE
8
layer1
10
-21.4120504
20
-4.8725135
11
-21.4082569
21
-4.8492858
0
LINE
8
layer1
10
-21.4082569
20
-4.8492858
11
-21.4309222
21
-4.74567
0
LINE
8
layer1
10
-21.4309222
20
-4.74567
11
-21.4908957
21
-4.4658595
0
LINE
8
layer1
10
-21.4908957
20
-4.4658595
11
-21.5473641
21
-4.1853206
0
LINE
8
layer1
10
-21.5473641
20
-4.1853206
11
-21.5678559
21
-4.0812531
0
LINE
8
layer1
10
-21.5678559
20
-4.0812531
11
-21.5805893
21
-4.0614598
0
LINE
8
layer1
10
-21.5805893
20
-4.0614598
11
-21.6035727
21
-4.0441948
0
LINE
8
layer1
10
-21.6035727
20
-4.0441948
11
-21.636699
21
-4.029875
0
LINE
8
layer1
10
-21.636699
20
-4.029875
11
-21.6798395
21
-4.0189232
0
LINE
8
layer1
10
-21.6798395
20
-4.0189232
11
-21.7328775
21
-4.0117541
0
LINE
8
layer1
10
-21.7328775
20
-4.0117541
11
-21.9372311
21
-4.0006488
0
LINE
8
layer1
10
-21.9372311
20
-4.0006488
11
-22.1860048
21
-3.9782345
0
LINE
8
layer1
10
-22.1860048
20
-3.9782345
11
-22.469578
21
-3.9406735
0
LINE
8
layer1
10
-22.469578
20
-3.9406735
11
-22.6233773
21
-3.9154473
0
LINE
8
layer1
10
-22.6233773
20
-3.9154473
11
-22.7894191
21
-3.884635
0
LINE
8
layer1
10
-22.7894191
20
-3.884635
11
-22.9619919
21
-3.8488373
0
LINE
8
layer1
10
-22.9619919
20
-3.8488373
11
-23.1432747
21
-3.8072505
0
LINE
8
layer1
10
-23.1432747
20
-3.8072505
11
-23.3313369
21
-3.7599741
0
LINE
8
layer1
10
-23.3313369
20
-3.7599741
11
-23.5303555
21
-3.7054859
0
LINE
8
layer1
10
-23.5303555
20
-3.7054859
11
-23.7209662
21
-3.6490598
0
ARC
8
layer1
10
0.0000025
20
9e-7
40
24
50
186.9067672
51
188.7454093
0
LINE
8
layer1
10
-23.825833
20
-2.8860973
11
-23.6575142
21
-2.7803375
0
LINE
8
layer1
10
-23.6575142
20
-2.7803375
11
-23.4805765
21
-2.6741753
0
LINE
8
layer1
10
-23.4805765
20
-2.6741753
11
-23.3122432
21
-2.5779134
0
LINE
8
layer1
10
-23.3122432
20
-2.5779134
11
-23.1489028
21
-2.4889593
0
LINE
8
layer1
10
-23.1489028
20
-2.4889593
11
-22.9923876
21
-2.4079295
0
LINE
8
layer1
10
-22.9923876
20
-2.4079295
11
-22.8408161
21
-2.3334623
0
LINE
8
layer1
10
-22.8408161
20
-2.3334623
11
-22.6995261
21
-2.2676769
0
LINE
8
layer1
10
-22.6995261
20
-2.2676769
11
-22.4366024
21
-2.1550017
0
LINE
8
layer1
10
-22.4366024
20
-2.1550017
11
-22.2031012
21
-2.0663002
0
LINE
8
layer1
10
-22.2031012
20
-2.0663002
11
-22.0093217
21
-2.0004728
0
LINE
8
layer1
10
-22.0093217
20
-2.0004728
11
-21.9601848
21
-1.9792601
0
LINE
8
layer1
10
-21.9601848
20
-1.9792601
11
-21.9215988
21
-1.9570752
0
LINE
8
layer1
10
-21.9215988
20
-1.9570752
11
-21.8935643
21
-1.9343491
0
LINE
8
layer1
10
-21.8935643
20
-1.9343491
11
-21.8760912
21
-1.9115235
0
LINE
8
layer1
10
-21.8760912
20
-1.9115235
11
-21.8691702
21
-1.8890287
0
LINE
8
layer1
10
-21.8691702
20
-1.8890287
11
-21.8775154
21
-1.7832917
0
LINE
8
layer1
10
-21.8775154
20
-1.7832917
11
-21.8988295
21
-1.497921
0
LINE
8
layer1
10
-21.8988295
20
-1.497921
11
-21.9165719
21
-1.2123059
0
LINE
8
layer1
10
-21.9165719
20
-1.2123059
11
-21.9227023
21
-1.1064174
0
LINE
8
layer1
10
-21.9227023
20
-1.1064174
11
-21.9326219
21
-1.0850746
0
LINE
8
layer1
10
-21.9326219
20
-1.0850746
11
-21.9530403
21
-1.0648408
0
LINE
8
layer1
10
-21.9530403
20
-1.0648408
11
-21.9839082
21
-1.0461438
0
LINE
8
layer1
10
-21.9839082
20
-1.0461438
11
-22.0251556
21
-1.0294196
0
LINE
8
layer1
10
-22.0251556
20
-1.0294196
11
-22.0767234
21
-1.0150953
0
LINE
8
layer1
10
-22.0767234
20
-1.0150953
11
-22.2776615
21
-0.9762673
0
LINE
8
layer1
10
-22.2776615
20
-0.9762673
11
-22.521066
21
-0.9201871
0
LINE
8
layer1
10
-22.521066
20
-0.9201871
11
-22.7968834
21
-0.8443627
0
LINE
8
layer1
10
-22.7968834
20
-0.8443627
11
-22.9458153
21
-0.7984291
0
LINE
8
layer1
10
-22.9458153
20
-0.7984291
11
-23.106115
21
-0.7452945
0
LINE
8
layer1
10
-23.106115
20
-0.7452945
11
-23.272206
21
-0.6863315
0
LINE
8
layer1
10
-23.272206
20
-0.6863315
11
-23.4461375
21
-0.6204474
0
LINE
8
layer1
10
-23.4461375
20
-0.6204474
11
-23.6260106
21
-0.5480035
0
LINE
8
layer1
10
-23.6260106
20
-0.5480035
11
-23.8157561
21
-0.4669232
0
LINE
8
layer1
10
-23.8157561
20
-0.4669232
11
-23.9969081
21
-0.3850678
0
ARC
8
layer1
10
0.0000026
20
0
40
24
50
179.0806789
51
180.9193211
0
LINE
8
layer1
10
-23.9969081
20
0.3850678
11
-23.8157561
21
0.4669232
0
LINE
8
layer1
10
-23.8157561
20
0.4669232
11
-23.6260106
21
0.5480035
0
LINE
8
layer1
10
-23.6260106
20
0.5480035
11
-23.4461375
21
0.6204474
0
LINE
8
layer1
10
-23.4461375
20
0.6204474
11
-23.272206
21
0.6863315
0
LINE
8
layer1
10
-23.272206
20
0.6863315
11
-23.106115
21
0.7452945
0
LINE
8
layer1
10
-23.106115
20
0.7452945
11
-22.9458153
21
0.7984291
0
LINE
8
layer1
10
-22.9458153
20
0.7984291
11
-22.7968834
21
0.8443627
0
LINE
8
layer1
10
-22.7968834
20
0.8443627
11
-22.521066
21
0.9201871
0
LINE
8
layer1
10
-22.521066
20
0.9201871
11
-22.2776615
21
0.9762673
0
LINE
8
layer1
10
-22.2776615
20
0.9762673
11
-22.0767234
21
1.0150953
0
LINE
8
layer1
10
-22.0767234
20
1.0150953
11
-22.0251556
21
1.0294196
0
LINE
8
layer1
10
-22.0251556
20
1.0294196
11
-21.9839082
21
1.0461438
0
LINE
8
layer1
10
-21.9839082
20
1.0461438
11
-21.9530403
21
1.0648408
0
LINE
8
layer1
10
-21.9530403
20
1.0648408
11
-21.9326219
21
1.0850746
0
LINE
8
layer1
10
-21.9326219
20
1.0850746
11
-21.9227023
21
1.1064174
0
LINE
8
layer1
10
-21.9227023
20
1.1064174
11
-21.9165719
21
1.2123059
0
LINE
8
layer1
10
-21.9165719
20
1.2123059
11
-21.8988295
21
1.497921
0
LINE
8
layer1
10
-21.8988295
20
1.497921
11
-21.8775154
21
1.7832917
0
LINE
8
layer1
10
-21.8775154
20
1.7832917
11
-21.8691702
21
1.8890287
0
LINE
8
layer1
10
-21.8691702
20
1.8890287
11
-21.8760912
21
1.9115235
0
LINE
8
layer1
10
-21.8760912
20
1.9115235
11
-21.8935643
21
1.9343491
0
LINE
8
layer1
10
-21.8935643
20
1.9343491
11
-21.9215988
21
1.9570752
0
LINE
8
layer1
10
-21.9215988
20
1.9570752
11
-21.9601848
21
1.9792601
0
LINE
8
layer1
10
-21.9601848
20
1.9792601
11
-22.0093217
21
2.0004728
0
LINE
8
layer1
10
-22.0093217
20
2.0004728
11
-22.2031012
21
2.0663002
0
LINE
8
layer1
10
-22.2031012
20
2.0663002
11
-22.4366024
21
2.1550017
0
LINE
8
layer1
10
-22.4366024
20
2.1550017
11
-22.6995261
21
2.2676769
0
LINE
8
layer1
10
-22.6995261
20
2.2676769
11
-22.8408161
21
2.3334623
0
LINE
8
layer1
10
-22.8408161
20
2.3334623
11
-22.9923876
21
2.4079295
0
LINE
8
layer1
10
-22.9923876
20
2.4079295
11
-23.1489028
21
2.4889593
0
LINE
8
layer1
10
-23.1489028
20
2.4889593
11
-23.3122432
21
2.5779134
0
LINE
8
layer1
10
-23.3122432
20
2.5779134
11
-23.4805765
21
2.6741753
0
LINE
8
layer1
10
-23.4805765
20
2.6741753
11
-23.6575142
21
2.7803375
0
LINE
8
layer1
10
-23.6575142
20
2.7803375
11
-23.825833
21
2.8860973
0
ARC
8
layer1
10
0.0000025
20
-9e-7
40
24
50
171.2545907
51
173.0932328
0
LINE
8
layer1
10
-23.7209662
20
3.6490598
11
-23.5303555
21
3.7054859
0
LINE
8
layer1
10
-23.5303555
20
3.7054859
11
-23.3313369
21
3.7599741
0
LINE
8
layer1
10
-23.3313369
20
3.7599741
11
-23.1432747
21
3.8072505
0
LINE
8
layer1
10
-23.1432747
20
3.8072505
11
-22.9619919
21
3.8488373
0
LINE
8
layer1
10
-22.9619919
20
3.8488373
11
-22.7894191
21
3.884635
0
LINE
8
layer1
10
-22.7894191
20
3.884635
11
-22.6233773
21
3.9154473
0
LINE
8
layer1
10
-22.6233773
20
3.9154473
11
-22.469578
21
3.9406735
0
LINE
8
layer1
10
-22.469578
20
3.9406735
11
-22.1860048
21
3.9782345
0
LINE
8
layer1
10
-22.1860048
20
3.9782345
11
-21.9372311
21
4.0006488
0
LINE
8
layer1
10
-21.9372311
20
4.0006488
11
-21.7328775
21
4.0117541
0
LINE
8
layer1
10
-21.7328775
20
4.0117541
11
-21.6798395
21
4.0189232
0
LINE
8
layer1
10
-21.6798395
20
4.0189232
11
-21.636699
21
4.029875
0
LINE
8
layer1
10
-21.636699
20
4.029875
11
-21.6035727
21
4.0441948
0
LINE
8
layer1
10
-21.6035727
20
4.0441948
11
-21.5805893
21
4.0614598
0
LINE
8
layer1
10
-21.5805893
20
4.0614598
11
-21.5678559
21
4.0812531
0
LINE
8
layer1
10
-21.5678559
20
4.0812531
11
-21.5473641
21
4.1853206
0
LINE
8
layer1
10
-21.5473641
20
4.1853206
11
-21.4908957
21
4.4658595
0
LINE
8
layer1
10
-21.4908957
20
4.4658595
11
-21.4309222
21
4.74567
0
LINE
8
layer1
10
-21.4309222
20
4.74567
11
-21.4082569
21
4.8492858
0
LINE
8
layer1
10
-21.4082569
20
4.8492858
11
-21.4120504
21
4.8725135
0
LINE
8
layer1
10
-21.4120504
20
4.8725135
11
-21.4262526
21
4.8975057
0
LINE
8
layer1
10
-21.4262526
20
4.8975057
11
-21.4509314
21
4.9238375
0
LINE
8
layer1
10
-21.4509314
20
4.9238375
11
-21.4861372
21
4.95107
0
LINE
8
layer1
10
-21.4861372
20
4.95107
11
-21.531928
21
4.9787759
0
LINE
8
layer1
10
-21.531928
20
4.9787759
11
-21.7149392
21
5.0703765
0
LINE
8
layer1
10
-21.7149392
20
5.0703765
11
-21.9341873
21
5.1900469
0
LINE
8
layer1
10
-21.9341873
20
5.1900469
11
-22.1793195
21
5.3374741
0
LINE
8
layer1
10
-22.1793195
20
5.3374741
11
-22.3103358
21
5.4218857
0
LINE
8
layer1
10
-22.3103358
20
5.4218857
11
-22.4503556
21
5.5162983
0
LINE
8
layer1
10
-22.4503556
20
5.5162983
11
-22.5943795
21
5.6178856
0
LINE
8
layer1
10
-22.5943795
20
5.6178856
11
-22.7440859
21
5.7282527
0
LINE
8
layer1
10
-22.7440859
20
5.7282527
11
-22.8977436
21
5.8465393
0
LINE
8
layer1
10
-22.8977436
20
5.8465393
11
-23.0585776
21
5.9758057
0
LINE
8
layer1
10
-23.0585776
20
5.9758057
11
-23.2109277
21
6.1034999
0
ARC
8
layer1
10
0.0000025
20
-6e-7
40
24
50
163.4285051
51
165.2671474
0
LINE
8
layer1
10
-23.0031476
20
6.8450768
11
-22.8066289
21
6.8750225
0
LINE
8
layer1
10
-22.8066289
20
6.8750225
11
-22.6020445
21
6.9019034
0
LINE
8
layer1
10
-22.6020445
20
6.9019034
11
-22.4092964
21
6.9231317
0
LINE
8
layer1
10
-22.4092964
20
6.9231317
11
-22.2240394
21
6.9396465
0
LINE
8
layer1
10
-22.2240394
20
6.9396465
11
-22.0481995
21
6.9516122
0
LINE
8
layer1
10
-22.0481995
20
6.9516122
11
-21.8795086
21
6.9595281
0
LINE
8
layer1
10
-21.8795086
20
6.9595281
11
-21.7237068
21
6.963577
0
LINE
8
layer1
10
-21.7237068
20
6.963577
11
-21.4376603
21
6.9621749
0
LINE
8
layer1
10
-21.4376603
20
6.9621749
11
-21.1881517
21
6.9505058
0
LINE
8
layer1
10
-21.1881517
20
6.9505058
11
-20.9841892
21
6.9336815
0
LINE
8
layer1
10
-20.9841892
20
6.9336815
11
-20.930669
21
6.9335618
0
LINE
8
layer1
10
-20.930669
20
6.9335618
11
-20.886439
21
6.9385374
0
LINE
8
layer1
10
-20.886439
20
6.9385374
11
-20.8516714
21
6.948213
0
LINE
8
layer1
10
-20.8516714
20
6.948213
11
-20.8265512
21
6.9621877
0
LINE
8
layer1
10
-20.8265512
20
6.9621877
11
-20.8112412
21
6.9800628
0
LINE
8
layer1
10
-20.8112412
20
6.9800628
11
-20.7767697
21
7.0803707
0
LINE
8
layer1
10
-20.7767697
20
7.0803707
11
-20.6826272
21
7.3506075
0
LINE
8
layer1
10
-20.6826272
20
7.3506075
11
-20.5851114
21
7.6196454
0
LINE
8
layer1
10
-20.5851114
20
7.6196454
11
-20.5485482
21
7.7192099
0
LINE
8
layer1
10
-20.5485482
20
7.7192099
11
-20.5491436
21
7.7427378
0
LINE
8
layer1
10
-20.5491436
20
7.7427378
11
-20.5598104
21
7.7694311
0
LINE
8
layer1
10
-20.5598104
20
7.7694311
11
-20.5806739
21
7.7988781
0
LINE
8
layer1
10
-20.5806739
20
7.7988781
11
-20.6118436
21
7.8306507
0
LINE
8
layer1
10
-20.6118436
20
7.8306507
11
-20.6534353
21
7.8643338
0
LINE
8
layer1
10
-20.6534353
20
7.8643338
11
-20.8222689
21
7.9800012
0
LINE
8
layer1
10
-20.8222689
20
7.9800012
11
-21.0231798
21
8.1284113
0
LINE
8
layer1
10
-21.0231798
20
8.1284113
11
-21.2459542
21
8.3078442
0
LINE
8
layer1
10
-21.2459542
20
8.3078442
11
-21.3642561
21
8.4093096
0
LINE
8
layer1
10
-21.3642561
20
8.4093096
11
-21.4901159
21
8.5219089
0
LINE
8
layer1
10
-21.4901159
20
8.5219089
11
-21.6189655
21
8.6421612
0
LINE
8
layer1
10
-21.6189655
20
8.6421612
11
-21.7522492
21
8.7718854
0
LINE
8
layer1
10
-21.7522492
20
8.7718854
11
-21.8883691
21
8.9099934
0
LINE
8
layer1
10
-21.8883691
20
8.9099934
11
-22.0301033
21
9.059956
0
LINE
8
layer1
10
-22.0301033
20
9.059956
11
-22.1636468
21
9.2072058
0
ARC
8
layer1
10
0.000002
20
-0.0000018
40
24
50
155.602416
51
157.4410583
0
LINE
8
layer1
10
-21.8568239
20
9.9135829
11
-21.6580579
21
9.9164904
0
LINE
8
layer1
10
-21.6580579
20
9.9164904
11
-21.4517187
21
9.9152634
0
LINE
8
layer1
10
-21.4517187
20
9.9152634
11
-21.2578754
21
9.9100481
0
LINE
8
layer1
10
-21.2578754
20
9.9100481
11
-21.0720951
21
9.9011832
0
LINE
8
layer1
10
-21.0720951
20
9.9011832
11
-20.8962637
21
9.8890939
0
LINE
8
layer1
10
-20.8962637
20
9.8890939
11
-20.728066
21
9.873966
0
LINE
8
layer1
10
-20.728066
20
9.873966
11
-20.5731641
21
9.8567623
0
LINE
8
layer1
10
-20.5731641
20
9.8567623
11
-20.2899727
21
9.8164232
0
LINE
8
layer1
10
-20.2899727
20
9.8164232
11
-20.044377
21
9.770888
0
LINE
8
layer1
10
-20.044377
20
9.770888
11
-19.8446051
21
9.7264475
0
LINE
8
layer1
10
-19.8446051
20
9.7264475
11
-19.7915998
21
9.7190413
0
LINE
8
layer1
10
-19.7915998
20
9.7190413
11
-19.7471042
21
9.7179479
0
LINE
8
layer1
10
-19.7471042
20
9.7179479
11
-19.7113429
21
9.7227992
0
LINE
8
layer1
10
-19.7113429
20
9.7227992
11
-19.6845538
21
9.7332232
0
LINE
8
layer1
10
-19.6845538
20
9.7332232
11
-19.6669524
21
9.748847
0
LINE
8
layer1
10
-19.6669524
20
9.748847
11
-19.6191434
21
9.8435268
0
LINE
8
layer1
10
-19.6191434
20
9.8435268
11
-19.4890805
21
10.0984276
0
LINE
8
layer1
10
-19.4890805
20
10.0984276
11
-19.355839
21
10.3516813
0
LINE
8
layer1
10
-19.355839
20
10.3516813
11
-19.306059
21
10.4453397
0
LINE
8
layer1
10
-19.306059
20
10.4453397
11
-19.3034451
21
10.4687295
0
LINE
8
layer1
10
-19.3034451
20
10.4687295
11
-19.3103778
21
10.4966267
0
LINE
8
layer1
10
-19.3103778
20
10.4966267
11
-19.3270372
21
10.5286403
0
LINE
8
layer1
10
-19.3270372
20
10.5286403
11
-19.3535903
21
10.5643613
0
LINE
8
layer1
10
-19.3535903
20
10.5643613
11
-19.3902081
21
10.603394
0
LINE
8
layer1
10
-19.3902081
20
10.603394
11
-19.5417191
21
10.7409737
0
LINE
8
layer1
10
-19.5417191
20
10.7409737
11
-19.7205502
21
10.9153588
0
LINE
8
layer1
10
-19.7205502
20
10.9153588
11
-19.9168169
21
11.1234548
0
LINE
8
layer1
10
-19.9168169
20
11.1234548
11
-20.0202008
21
11.240084
0
LINE
8
layer1
10
-20.0202008
20
11.240084
11
-20.1295561
21
11.3687724
0
LINE
8
layer1
10
-20.1295561
20
11.3687724
11
-20.2408312
21
11.5054498
0
LINE
8
layer1
10
-20.2408312
20
11.5054498
11
-20.3552094
21
11.6521144
0
LINE
8
layer1
10
-20.3552094
20
11.6521144
11
-20.4712557
21
11.8074711
0
LINE
8
layer1
10
-20.4712557
20
11.8074711
11
-20.5912499
21
11.9753364
0
LINE
8
layer1
10
-20.5912499
20
11.9753364
11
-20.703499
21
12.1393989
0
ARC
8
layer1
10
0.0000021
20
-0.0000014
40
24
50
147.7763308
51
149.6149731
0
LINE
8
layer1
10
-20.3033489
20
12.7974177
11
-20.1060383
21
12.7732328
0
LINE
8
layer1
10
-20.1060383
20
12.7732328
11
-19.9017881
21
12.7439207
0
LINE
8
layer1
10
-19.9017881
20
12.7439207
11
-19.7104603
21
12.7123591
0
LINE
8
layer1
10
-19.7104603
20
12.7123591
11
-19.5276175
21
12.6782797
0
LINE
8
layer1
10
-19.5276175
20
12.6782797
11
-19.35507
21
12.6423606
0
LINE
8
layer1
10
-19.35507
20
12.6423606
11
-19.1904988
21
12.6044707
0
LINE
8
layer1
10
-19.1904988
20
12.6044707
11
-19.0393822
21
12.5663347
0
LINE
8
layer1
10
-19.0393822
20
12.5663347
11
-18.7643214
21
12.4878101
0
LINE
8
layer1
10
-18.7643214
20
12.4878101
11
-18.5272135
21
12.4092571
0
LINE
8
layer1
10
-18.5272135
20
12.4092571
11
-18.3353536
21
12.3380283
0
LINE
8
layer1
10
-18.3353536
20
12.3380283
11
-18.2838505
21
12.3234734
0
LINE
8
layer1
10
-18.2838505
20
12.3234734
11
-18.2399182
21
12.3163314
0
LINE
8
layer1
10
-18.2399182
20
12.3163314
11
-18.2038294
21
12.3162681
0
LINE
8
layer1
10
-18.2038294
20
12.3162681
11
-18.1758704
21
12.3229471
0
LINE
8
layer1
10
-18.1758704
20
12.3229471
11
-18.1563055
21
12.3360288
0
LINE
8
layer1
10
-18.1563055
20
12.3360288
11
-18.0960496
21
12.4233167
0
LINE
8
layer1
10
-18.0960496
20
12.4233167
11
-17.9324892
21
12.6581331
0
LINE
8
layer1
10
-17.9324892
20
12.6581331
11
-17.7660039
21
12.8908849
0
LINE
8
layer1
10
-17.7660039
20
12.8908849
11
-17.7039344
21
12.9768926
0
LINE
8
layer1
10
-17.7039344
20
12.9768926
11
-17.6981599
21
12.9997086
0
LINE
8
layer1
10
-17.6981599
20
12.9997086
11
-17.7012294
21
13.02829
0
LINE
8
layer1
10
-17.7012294
20
13.02829
11
-17.7133745
21
13.0622739
0
LINE
8
layer1
10
-17.7133745
20
13.0622739
11
-17.7348162
21
13.1012778
0
LINE
8
layer1
10
-17.7348162
20
13.1012778
11
-17.765778
21
13.1449331
0
LINE
8
layer1
10
-17.765778
20
13.1449331
11
-17.8971441
21
13.3018621
0
LINE
8
layer1
10
-17.8971441
20
13.3018621
11
-18.0505642
21
13.4989738
0
LINE
8
layer1
10
-18.0505642
20
13.4989738
11
-18.216667
21
13.7318566
0
LINE
8
layer1
10
-18.216667
20
13.7318566
11
-18.303207
21
13.8614769
0
LINE
8
layer1
10
-18.303207
20
13.8614769
11
-18.3940207
21
14.0038572
0
LINE
8
layer1
10
-18.3940207
20
14.0038572
11
-18.4856485
21
14.1544135
0
LINE
8
layer1
10
-18.4856485
20
14.1544135
11
-18.5789905
21
14.3152867
0
LINE
8
layer1
10
-18.5789905
20
14.3152867
11
-18.6728016
21
14.484998
0
LINE
8
layer1
10
-18.6728016
20
14.484998
11
-18.7688205
21
14.667639
0
LINE
8
layer1
10
-18.7688205
20
14.667639
11
-18.8576842
21
14.845458
0
ARC
8
layer1
10
0.0000021
20
-0.0000014
40
24
50
139.9502446
51
141.7888868
0
LINE
8
layer1
10
-18.3716609
20
15.4428609
11
-18.1794813
21
15.3920341
0
LINE
8
layer1
10
-18.1794813
20
15.3920341
11
-17.9811248
21
15.335183
0
LINE
8
layer1
10
-17.9811248
20
15.335183
11
-17.7958767
21
15.2778628
0
LINE
8
layer1
10
-17.7958767
20
15.2778628
11
-17.6193774
21
15.2192037
0
LINE
8
layer1
10
-17.6193774
20
15.2192037
11
-17.4533279
21
15.160124
0
LINE
8
layer1
10
-17.4533279
20
15.160124
11
-17.295449
21
15.1001779
0
LINE
8
layer1
10
-17.295449
20
15.1001779
11
-17.1509327
21
15.04182
0
LINE
8
layer1
10
-17.1509327
20
15.04182
11
-16.8891262
21
14.9265728
0
LINE
8
layer1
10
-16.8891262
20
14.9265728
11
-16.6649231
21
14.8164652
0
LINE
8
layer1
10
-16.6649231
20
14.8164652
11
-16.4845492
21
14.7197749
0
LINE
8
layer1
10
-16.4845492
20
14.7197749
11
-16.4355076
21
14.6983426
0
LINE
8
layer1
10
-16.4355076
20
14.6983426
11
-16.3929571
21
14.6852849
0
LINE
8
layer1
10
-16.3929571
20
14.6852849
11
-16.357213
21
14.6803081
0
LINE
8
layer1
10
-16.357213
20
14.6803081
11
-16.3286049
21
14.6831179
0
LINE
8
layer1
10
-16.3286049
20
14.6831179
11
-16.307441
21
14.6934136
0
LINE
8
layer1
10
-16.307441
20
14.6934136
11
-16.2358606
21
14.7716837
0
LINE
8
layer1
10
-16.2358606
20
14.7716837
11
-16.0418494
21
14.9820415
0
LINE
8
layer1
10
-16.0418494
20
14.9820415
11
-15.8452218
21
15.1899557
0
LINE
8
layer1
10
-15.8452218
20
15.1899557
11
-15.772019
21
15.2667106
0
LINE
8
layer1
10
-15.772019
20
15.2667106
11
-15.7631916
21
15.2885278
0
LINE
8
layer1
10
-15.7631916
20
15.2885278
11
-15.7623406
21
15.3172609
0
LINE
8
layer1
10
-15.7623406
20
15.3172609
11
-15.7697451
21
15.352582
0
LINE
8
layer1
10
-15.7697451
20
15.352582
11
-15.7856761
21
15.3941423
0
LINE
8
layer1
10
-15.7856761
20
15.3941423
11
-15.8104051
21
15.4416069
0
LINE
8
layer1
10
-15.8104051
20
15.4416069
11
-15.9191792
21
15.6149619
0
LINE
8
layer1
10
-15.9191792
20
15.6149619
11
-16.0443302
21
15.8311284
0
LINE
8
layer1
10
-16.0443302
20
15.8311284
11
-16.1771751
21
16.0844598
0
LINE
8
layer1
10
-16.1771751
20
16.0844598
11
-16.2452591
21
16.2246567
0
LINE
8
layer1
10
-16.2452591
20
16.2246567
11
-16.3158394
21
16.3780767
0
LINE
8
layer1
10
-16.3158394
20
16.3780767
11
-16.3861131
21
16.5397074
0
LINE
8
layer1
10
-16.3861131
20
16.5397074
11
-16.4566802
21
16.7117922
0
LINE
8
layer1
10
-16.4566802
20
16.7117922
11
-16.5265085
21
16.8926967
0
LINE
8
layer1
10
-16.5265085
20
16.8926967
11
-16.5967634
21
17.0867112
0
LINE
8
layer1
10
-16.5967634
20
17.0867112
11
-16.6605865
21
17.2749743
0
ARC
8
layer1
10
0.000002
20
-0.0000015
40
24
50
132.1241581
51
133.9628004
0
LINE
8
layer1
10
-16.0977437
20
17.8006327
11
-15.9142749
21
17.7241109
0
LINE
8
layer1
10
-15.9142749
20
17.7241109
11
-15.7255071
21
17.6407798
0
LINE
8
layer1
10
-15.7255071
20
17.6407798
11
-15.5497896
21
17.5587689
0
LINE
8
layer1
10
-15.5497896
20
17.5587689
11
-15.3829216
21
17.4766228
0
LINE
8
layer1
10
-15.3829216
20
17.4766228
11
-15.2264634
21
17.3954829
0
LINE
8
layer1
10
-15.2264634
20
17.3954829
11
-15.0782176
21
17.3145973
0
LINE
8
layer1
10
-15.0782176
20
17.3145973
11
-14.9429938
21
17.2371047
0
LINE
8
layer1
10
-14.9429938
20
17.2371047
11
-14.6993186
21
17.0872816
0
LINE
8
layer1
10
-14.6993186
20
17.0872816
11
-14.4921967
21
16.9476706
0
LINE
8
layer1
10
-14.4921967
20
16.9476706
11
-14.3266688
21
16.8273199
0
LINE
8
layer1
10
-14.3266688
20
16.8273199
11
-14.2810024
21
16.7994094
0
LINE
8
layer1
10
-14.2810024
20
16.7994094
11
-14.2406262
21
16.7806794
0
LINE
8
layer1
10
-14.2406262
20
16.7806794
11
-14.2058927
21
16.7708818
0
LINE
8
layer1
10
-14.2058927
20
16.7708818
11
-14.1771685
21
16.76977
0
LINE
8
layer1
10
-14.1771685
20
16.76977
11
-14.1547997
21
16.777088
0
LINE
8
layer1
10
-14.1547997
20
16.777088
11
-14.0732283
21
16.8448822
0
LINE
8
layer1
10
-14.0732283
20
16.8448822
11
-13.8523804
21
17.0268628
0
LINE
8
layer1
10
-13.8523804
20
17.0268628
11
-13.6292732
21
17.2060664
0
LINE
8
layer1
10
-13.6292732
20
17.2060664
11
-13.5463007
21
17.2721386
0
LINE
8
layer1
10
-13.5463007
20
17.2721386
11
-13.5345847
21
17.2925506
0
LINE
8
layer1
10
-13.5345847
20
17.2925506
11
-13.5298293
21
17.3209002
0
LINE
8
layer1
10
-13.5298293
20
17.3209002
11
-13.5323552
21
17.3569006
0
LINE
8
layer1
10
-13.5323552
20
17.3569006
11
-13.5424787
21
17.400243
0
LINE
8
layer1
10
-13.5424787
20
17.400243
11
-13.5605143
21
17.4506329
0
LINE
8
layer1
10
-13.5605143
20
17.4506329
11
-13.64467
21
17.6371846
0
LINE
8
layer1
10
-13.64467
20
17.6371846
11
-13.7392207
21
17.8683791
0
LINE
8
layer1
10
-13.7392207
20
17.8683791
11
-13.836333
21
18.13744
0
LINE
8
layer1
10
-13.836333
20
18.13744
11
-13.8846927
21
18.2856019
0
LINE
8
layer1
10
-13.8846927
20
18.2856019
11
-13.933725
21
18.4472036
0
LINE
8
layer1
10
-13.933725
20
18.4472036
11
-13.9813354
21
18.6168977
0
LINE
8
layer1
10
-13.9813354
20
18.6168977
11
-14.027813
21
18.7969887
0
LINE
8
layer1
10
-14.027813
20
18.7969887
11
-14.0723578
21
18.9857165
0
LINE
8
layer1
10
-14.0723578
20
18.9857165
11
-14.1155401
21
19.1874903
0
LINE
8
layer1
10
-14.1155401
20
19.1874903
11
-14.1531335
21
19.3826904
0
ARC
8
layer1
10
5e-7
20
-0.0000028
40
24
50
124.2980674
51
126.1367096
0
LINE
8
layer1
10
-13.5239559
20
19.8268125
11
-13.3526157
21
19.7260211
0
LINE
8
layer1
10
-13.3526157
20
19.7260211
11
-13.176953
21
19.6177622
0
LINE
8
layer1
10
-13.176953
20
19.6177622
11
-13.0140393
21
19.5125883
0
LINE
8
layer1
10
-13.0140393
20
19.5125883
11
-12.8599111
21
19.4084855
0
LINE
8
layer1
10
-12.8599111
20
19.4084855
11
-12.7159587
21
19.306797
0
LINE
8
layer1
10
-12.7159587
20
19.306797
11
-12.5801076
21
19.2064786
0
LINE
8
layer1
10
-12.5801076
20
19.2064786
11
-12.4566951
21
19.1112948
0
LINE
8
layer1
10
-12.4566951
20
19.1112948
11
-12.2356905
21
18.9296867
0
LINE
8
layer1
10
-12.2356905
20
18.9296867
11
-12.049508
21
18.7631729
0
LINE
8
layer1
10
-12.049508
20
18.7631729
11
-11.9019097
21
18.6214038
0
LINE
8
layer1
10
-11.9019097
20
18.6214038
11
-11.860469
21
18.5875351
0
LINE
8
layer1
10
-11.860469
20
18.5875351
11
-11.8230193
21
18.5634816
0
LINE
8
layer1
10
-11.8230193
20
18.5634816
11
-11.7899434
21
18.5490457
0
LINE
8
layer1
10
-11.7899434
20
18.5490457
11
-11.7616382
21
18.5440329
0
LINE
8
layer1
10
-11.7616382
20
18.5440329
11
-11.7384813
21
18.5482369
0
LINE
8
layer1
10
-11.7384813
20
18.5482369
11
-11.6484383
21
18.6042924
0
LINE
8
layer1
10
-11.6484383
20
18.6042924
11
-11.4048677
21
18.7545059
0
LINE
8
layer1
10
-11.4048677
20
18.7545059
11
-11.159437
21
18.9016607
0
LINE
8
layer1
10
-11.159437
20
18.9016607
11
-11.0682405
21
18.9558193
0
LINE
8
layer1
10
-11.0682405
20
18.9558193
11
-11.0538542
21
18.9744459
0
LINE
8
layer1
10
-11.0538542
20
18.9744459
11
-11.0452828
21
19.0018839
0
LINE
8
layer1
10
-11.0452828
20
19.0018839
11
-11.0428831
21
19.037893
0
LINE
8
layer1
10
-11.0428831
20
19.037893
11
-11.0470105
21
19.0822102
0
LINE
8
layer1
10
-11.0470105
20
19.0822102
11
-11.0580167
21
19.1345865
0
LINE
8
layer1
10
-11.0580167
20
19.1345865
11
-11.1159865
21
19.3308599
0
LINE
8
layer1
10
-11.1159865
20
19.3308599
11
-11.1781756
21
19.5727757
0
LINE
8
layer1
10
-11.1781756
20
19.5727757
11
-11.2377462
21
19.8525541
0
LINE
8
layer1
10
-11.2377462
20
19.8525541
11
-11.2654808
21
20.0059209
0
LINE
8
layer1
10
-11.2654808
20
20.0059209
11
-11.2920516
21
20.172694
0
LINE
8
layer1
10
-11.2920516
20
20.172694
11
-11.3161119
21
20.3472906
0
LINE
8
layer1
10
-11.3161119
20
20.3472906
11
-11.3376342
21
20.5320328
0
LINE
8
layer1
10
-11.3376342
20
20.5320328
11
-11.3560657
21
20.7250683
0
LINE
8
layer1
10
-11.3560657
20
20.7250683
11
-11.3713709
21
20.9308427
0
LINE
8
layer1
10
-11.3713709
20
20.9308427
11
-11.3820344
21
21.1293438
0
ARC
8
layer1
10
0.0000023
20
-0.0000017
40
24
50
116.4719861
51
118.3106283
0
LINE
8
layer1
10
-10.6982424
20
21.4836562
11
-10.5422225
21
21.3604728
0
LINE
8
layer1
10
-10.5422225
20
21.3604728
11
-10.3829372
21
21.2293028
0
LINE
8
layer1
10
-10.3829372
20
21.2293028
11
-10.2358621
21
21.1029251
0
LINE
8
layer1
10
-10.2358621
20
21.1029251
11
-10.0973447
21
20.9788048
0
LINE
8
layer1
10
-10.0973447
20
20.9788048
11
-9.9685797
21
20.8584619
0
LINE
8
layer1
10
-9.9685797
20
20.8584619
11
-9.8476539
21
20.7405795
0
LINE
8
layer1
10
-9.8476539
20
20.7405795
11
-9.7383518
21
20.6294776
0
LINE
8
layer1
10
-9.7383518
20
20.6294776
11
-9.5441346
21
20.4194675
0
LINE
8
layer1
10
-9.5441346
20
20.4194675
11
-9.3823599
21
20.2291528
0
LINE
8
layer1
10
-9.3823599
20
20.2291528
11
-9.2554405
21
20.0686062
0
LINE
8
layer1
10
-9.2554405
20
20.0686062
11
-9.2189976
21
20.0294101
0
LINE
8
layer1
10
-9.2189976
20
20.0294101
11
-9.185172
21
20.0004813
0
LINE
8
layer1
10
-9.185172
20
20.0004813
11
-9.1543699
21
19.981676
0
LINE
8
layer1
10
-9.1543699
20
19.981676
11
-9.1270108
21
19.9728557
0
LINE
8
layer1
10
-9.1270108
20
19.9728557
11
-9.1034972
21
19.9738673
0
LINE
8
layer1
10
-9.1034972
20
19.9738673
11
-9.00666
21
20.0171398
0
LINE
8
layer1
10
-9.00666
20
20.0171398
11
-8.7449039
21
20.1327881
0
LINE
8
layer1
10
-8.7449039
20
20.1327881
11
-8.4817216
21
20.2451527
0
LINE
8
layer1
10
-8.4817216
20
20.2451527
11
-8.3839999
21
20.286389
0
LINE
8
layer1
10
-8.3839999
20
20.286389
11
-8.3672113
21
20.3028832
0
LINE
8
layer1
10
-8.3672113
20
20.3028832
11
-8.3549835
21
20.3288985
0
LINE
8
layer1
10
-8.3549835
20
20.3288985
11
-8.347703
21
20.3642454
0
LINE
8
layer1
10
-8.347703
20
20.3642454
11
-8.3457574
21
20.4087118
0
LINE
8
layer1
10
-8.3457574
20
20.4087118
11
-8.3495292
21
20.462099
0
LINE
8
layer1
10
-8.3495292
20
20.462099
11
-8.3802332
21
20.6644379
0
LINE
8
layer1
10
-8.3802332
20
20.6644379
11
-8.4089022
21
20.9125685
0
LINE
8
layer1
10
-8.4089022
20
20.9125685
11
-8.4298215
21
21.1978525
0
LINE
8
layer1
10
-8.4298215
20
21.1978525
11
-8.4364143
21
21.3535674
0
LINE
8
layer1
10
-8.4364143
20
21.3535674
11
-8.4400287
21
21.5224053
0
LINE
8
layer1
10
-8.4400287
20
21.5224053
11
-8.4400907
21
21.6986518
0
LINE
8
layer1
10
-8.4400907
20
21.6986518
11
-8.4362568
21
21.884604
0
LINE
8
layer1
10
-8.4362568
20
21.884604
11
-8.4282316
21
22.0783513
0
LINE
8
layer1
10
-8.4282316
20
22.0783513
11
-8.4153746
21
22.2842932
0
LINE
8
layer1
10
-8.4153746
20
22.2842932
11
-8.3989096
21
22.4823974
0
ARC
8
layer1
10
4e-7
20
-0.0000026
40
24
50
108.645895
51
110.4845373
0
LINE
8
layer1
10
-7.673241
20
22.7403001
11
-7.5354477
21
22.5970193
0
LINE
8
layer1
10
-7.5354477
20
22.5970193
11
-7.395507
21
22.4453817
0
LINE
8
layer1
10
-7.395507
20
22.4453817
11
-7.2670101
21
22.3001544
0
LINE
8
layer1
10
-7.2670101
20
22.3001544
11
-7.146684
21
22.1583287
0
LINE
8
layer1
10
-7.146684
20
22.1583287
11
-7.0355049
21
22.0215732
0
LINE
8
layer1
10
-7.0355049
20
22.0215732
11
-6.9317571
21
21.8883227
0
LINE
8
layer1
10
-6.9317571
20
21.8883227
11
-6.8386015
21
21.7633723
0
LINE
8
layer1
10
-6.8386015
20
21.7633723
11
-6.6747895
21
21.5288723
0
LINE
8
layer1
10
-6.6747895
20
21.5288723
11
-6.5404361
21
21.3183019
0
LINE
8
layer1
10
-6.5404361
20
21.3183019
11
-6.4365599
21
21.1419685
0
LINE
8
layer1
10
-6.4365599
20
21.1419685
11
-6.4057937
21
21.0981751
0
LINE
8
layer1
10
-6.4057937
20
21.0981751
11
-6.3762223
21
21.0649098
0
LINE
8
layer1
10
-6.3762223
20
21.0649098
11
-6.3482677
21
21.0420855
0
LINE
8
layer1
10
-6.3482677
20
21.0420855
11
-6.3223645
21
21.0296219
0
LINE
8
layer1
10
-6.3223645
20
21.0296219
11
-6.2989321
21
21.0274223
0
LINE
8
layer1
10
-6.2989321
20
21.0274223
11
-6.1971046
21
21.0571058
0
LINE
8
layer1
10
-6.1971046
20
21.0571058
11
-5.9220391
21
21.1360345
0
LINE
8
layer1
10
-5.9220391
20
21.1360345
11
-5.6460078
21
21.2115159
0
LINE
8
layer1
10
-5.6460078
20
21.2115159
11
-5.5435813
21
21.2390617
0
LINE
8
layer1
10
-5.5435813
20
21.2390617
11
-5.5247031
21
21.2531161
0
LINE
8
layer1
10
-5.5247031
20
21.2531161
11
-5.5090468
21
21.2772242
0
LINE
8
layer1
10
-5.5090468
20
21.2772242
11
-5.497021
21
21.3112505
0
LINE
8
layer1
10
-5.497021
20
21.3112505
11
-5.4890387
21
21.3550378
0
LINE
8
layer1
10
-5.4890387
20
21.3550378
11
-5.4855058
21
21.4084413
0
LINE
8
layer1
10
-5.4855058
20
21.4084413
11
-5.488372
21
21.6130765
0
LINE
8
layer1
10
-5.488372
20
21.6130765
11
-5.4829868
21
21.8627998
0
LINE
8
layer1
10
-5.4829868
20
21.8627998
11
-5.4648651
21
22.1482752
0
LINE
8
layer1
10
-5.4648651
20
22.1482752
11
-5.4501933
21
22.3034374
0
LINE
8
layer1
10
-5.4501933
20
22.3034374
11
-5.430784
21
22.4711949
0
LINE
8
layer1
10
-5.430784
20
22.4711949
11
-5.4068465
21
22.6458083
0
LINE
8
layer1
10
-5.4068465
20
22.6458083
11
-5.3777279
21
22.8295064
0
LINE
8
layer1
10
-5.3777279
20
22.8295064
11
-5.3433954
21
23.0203564
0
LINE
8
layer1
10
-5.3433954
20
23.0203564
11
-5.3026158
21
23.2226295
0
LINE
8
layer1
10
-5.3026158
20
23.2226295
11
-5.259329
21
23.4166465
0
ARC
8
layer1
10
0
20
-0.0000027
40
24
50
100.8198081
51
102.6584502
0
LINE
8
layer1
10
-4.5053015
20
23.5733353
11
-4.3883017
21
23.4126261
0
LINE
8
layer1
10
-4.3883017
20
23.4126261
11
-4.2703124
21
23.2433456
0
LINE
8
layer1
10
-4.2703124
20
23.2433456
11
-4.1627875
21
23.0819739
0
LINE
8
layer1
10
-4.1627875
20
23.0819739
11
-4.062894
21
22.9250848
0
LINE
8
layer1
10
-4.062894
20
22.9250848
11
-3.971372
21
22.7744642
0
LINE
8
layer1
10
-3.971372
20
22.7744642
11
-3.8867348
21
22.6283278
0
LINE
8
layer1
10
-3.8867348
20
22.6283278
11
-3.8114609
21
22.4918565
0
LINE
8
layer1
10
-3.8114609
20
22.4918565
11
-3.6811058
21
22.237235
0
LINE
8
layer1
10
-3.6811058
20
22.237235
11
-3.5766764
21
22.0103314
0
LINE
8
layer1
10
-3.5766764
20
22.0103314
11
-3.4977785
21
21.8214958
0
LINE
8
layer1
10
-3.4977785
20
21.8214958
11
-3.473262
21
21.773921
0
LINE
8
layer1
10
-3.473262
20
21.773921
11
-3.4484956
21
21.7369389
0
LINE
8
layer1
10
-3.4484956
20
21.7369389
11
-3.4239093
21
21.7105207
0
LINE
8
layer1
10
-3.4239093
20
21.7105207
11
-3.3999445
21
21.6946461
0
LINE
8
layer1
10
-3.3999445
20
21.6946461
11
-3.3770299
21
21.6892762
0
LINE
8
layer1
10
-3.3770299
20
21.6892762
11
-3.2721089
21
21.7048177
0
LINE
8
layer1
10
-3.2721089
20
21.7048177
11
-2.9888579
21
21.7455565
0
LINE
8
layer1
10
-2.9888579
20
21.7455565
11
-2.7051195
21
21.7827486
0
LINE
8
layer1
10
-2.7051195
20
21.7827486
11
-2.5998962
21
21.7960908
0
LINE
8
layer1
10
-2.5998962
20
21.7960908
11
-2.5792801
21
21.8074438
0
LINE
8
layer1
10
-2.5792801
20
21.8074438
11
-2.5604869
21
21.8291954
0
LINE
8
layer1
10
-2.5604869
20
21.8291954
11
-2.5439399
21
21.8612673
0
LINE
8
layer1
10
-2.5439399
20
21.8612673
11
-2.5300696
21
21.9035598
0
LINE
8
layer1
10
-2.5300696
20
21.9035598
11
-2.5192978
21
21.9559849
0
LINE
8
layer1
10
-2.5192978
20
21.9559849
11
-2.4942728
21
22.1591043
0
LINE
8
layer1
10
-2.4942728
20
22.1591043
11
-2.4549338
21
22.4057684
0
LINE
8
layer1
10
-2.4549338
20
22.4057684
11
-2.3981087
21
22.6861173
0
LINE
8
layer1
10
-2.3981087
20
22.6861173
11
-2.3624456
21
22.8378365
0
LINE
8
layer1
10
-2.3624456
20
22.8378365
11
-2.3203741
21
23.0013886
0
LINE
8
layer1
10
-2.3203741
20
23.0013886
11
-2.272883
21
23.1711162
0
LINE
8
layer1
10
-2.272883
20
23.1711162
11
-2.219022
21
23.3491383
0
LINE
8
layer1
10
-2.219022
20
23.3491383
11
-2.159022
21
23.5335358
0
LINE
8
layer1
10
-2.159022
20
23.5335358
11
-2.0910793
21
23.7283721
0
LINE
8
layer1
10
-2.0910793
20
23.7283721
11
-2.021777
21
23.9146878
0
ARC
8
layer1
10
-1e-7
20
-0.0000026
40
24
50
92.9937217
51
94.8323638
0
LINE
8
layer1
10
-1.2534368
20
23.9672437
11
-1.15941
21
23.7921
0
LINE
8
layer1
10
-1.15941
20
23.7921
11
-1.06557
21
23.60833
0
LINE
8
layer1
10
-1.06557
20
23.60833
11
-0.98102
21
23.43382
0
LINE
8
layer1
10
-0.98102
20
23.43382
11
-0.90342
21
23.26479
0
LINE
8
layer1
10
-0.90342
20
23.26479
11
-0.83326
21
23.10311
0
LINE
8
layer1
10
-0.83326
20
23.10311
11
-0.76931
21
22.94681
0
LINE
8
layer1
10
-0.76931
20
22.94681
11
-0.71332
21
22.80136
0
LINE
8
layer1
10
-0.71332
20
22.80136
11
-0.61885
21
22.53136
0
LINE
8
layer1
10
-0.61885
20
22.53136
11
-0.54629
21
22.29235
0
LINE
8
layer1
10
-0.54629
20
22.29235
11
-0.49384
21
22.09453
0
LINE
8
layer1
10
-0.49384
20
22.09453
11
-0.47603
21
22.04406
0
LINE
8
layer1
10
-0.47603
20
22.04406
11
-0.45653
21
22.00405
0
LINE
8
layer1
10
-0.45653
20
22.00405
11
-0.43577
21
21.97453
0
LINE
8
layer1
10
-0.43577
20
21.97453
11
-0.41419
21
21.95554
0
LINE
8
layer1
10
-0.41419
20
21.95554
11
-0.39222
21
21.9471
0
LINE
8
layer1
10
-0.39222
20
21.9471
11
-0.28616
21
21.94821
0
LINE
8
layer1
10
-0.28616
20
21.94821
11
0
21
21.95
0
LINE
8
layer1
10
0
20
21.95
11
0.28616
21
21.94821
0
LINE
8
layer1
10
0.28616
20
21.94821
11
0.39222
21
21.9471
0
LINE
8
layer1
10
0.39222
20
21.9471
11
0.41419
21
21.95554
0
LINE
8
layer1
10
0.41419
20
21.95554
11
0.43577
21
21.97453
0
LINE
8
layer1
10
0.43577
20
21.97453
11
0.45653
21
22.00405
0
LINE
8
layer1
10
0.45653
20
22.00405
11
0.47603
21
22.04406
0
LINE
8
layer1
10
0.47603
20
22.04406
11
0.49384
21
22.09453
0
LINE
8
layer1
10
0.49384
20
22.09453
11
0.54629
21
22.29235
0
LINE
8
layer1
10
0.54629
20
22.29235
11
0.61885
21
22.53136
0
LINE
8
layer1
10
0.61885
20
22.53136
11
0.71332
21
22.80136
0
LINE
8
layer1
10
0.71332
20
22.80136
11
0.76931
21
22.94681
0
LINE
8
layer1
10
0.76931
20
22.94681
11
0.83326
21
23.10311
0
LINE
8
layer1
10
0.83326
20
23.10311
11
0.90342
21
23.26479
0
LINE
8
layer1
10
0.90342
20
23.26479
11
0.98102
21
23.43382
0
LINE
8
layer1
10
0.98102
20
23.43382
11
1.06557
21
23.60833
0
LINE
8
layer1
10
1.06557
20
23.60833
11
1.15941
21
23.7921
0
LINE
8
layer1
10
1.15941
20
23.7921
11
1.2534368
21
23.9672437
0
ARC
8
layer1
10
1e-7
20
-0.0000026
40
24
50
85.1676362
51
87.0062783
0
LINE
8
layer1
10
2.021777
20
23.9146878
11
2.0910793
21
23.7283721
0
LINE
8
layer1
10
2.0910793
20
23.7283721
11
2.159022
21
23.5335358
0
LINE
8
layer1
10
2.159022
20
23.5335358
11
2.219022
21
23.3491383
0
LINE
8
layer1
10
2.219022
20
23.3491383
11
2.272883
21
23.1711162
0
LINE
8
layer1
10
2.272883
20
23.1711162
11
2.3203741
21
23.0013886
0
LINE
8
layer1
10
2.3203741
20
23.0013886
11
2.3624456
21
22.8378365
0
LINE
8
layer1
10
2.3624456
20
22.8378365
11
2.3981087
21
22.6861173
0
LINE
8
layer1
10
2.3981087
20
22.6861173
11
2.4549338
21
22.4057684
0
LINE
8
layer1
10
2.4549338
20
22.4057684
11
2.4942728
21
22.1591043
0
LINE
8
layer1
10
2.4942728
20
22.1591043
11
2.5192978
21
21.9559849
0
LINE
8
layer1
10
2.5192978
20
21.9559849
11
2.5300696
21
21.9035598
0
LINE
8
layer1
10
2.5300696
20
21.9035598
11
2.5439399
21
21.8612673
0
LINE
8
layer1
10
2.5439399
20
21.8612673
11
2.5604869
21
21.8291954
0
LINE
8
layer1
10
2.5604869
20
21.8291954
11
2.5792801
21
21.8074438
0
LINE
8
layer1
10
2.5792801
20
21.8074438
11
2.5998962
21
21.7960908
0
LINE
8
layer1
10
2.5998962
20
21.7960908
11
2.7051195
21
21.7827486
0
LINE
8
layer1
10
2.7051195
20
21.7827486
11
2.9888579
21
21.7455565
0
LINE
8
layer1
10
2.9888579
20
21.7455565
11
3.2721089
21
21.7048177
0
LINE
8
layer1
10
3.2721089
20
21.7048177
11
3.3770299
21
21.6892762
0
LINE
8
layer1
10
3.3770299
20
21.6892762
11
3.3999445
21
21.6946461
0
LINE
8
layer1
10
3.3999445
20
21.6946461
11
3.4239093
21
21.7105207
0
LINE
8
layer1
10
3.4239093
20
21.7105207
11
3.4484956
21
21.7369389
0
LINE
8
layer1
10
3.4484956
20
21.7369389
11
3.473262
21
21.773921
0
LINE
8
layer1
10
3.473262
20
21.773921
11
3.4977785
21
21.8214958
0
LINE
8
layer1
10
3.4977785
20
21.8214958
11
3.5766764
21
22.0103314
0
LINE
8
layer1
10
3.5766764
20
22.0103314
11
3.6811058
21
22.237235
0
LINE
8
layer1
10
3.6811058
20
22.237235
11
3.8114609
21
22.4918565
0
LINE
8
layer1
10
3.8114609
20
22.4918565
11
3.8867348
21
22.6283278
0
LINE
8
layer1
10
3.8867348
20
22.6283278
11
3.971372
21
22.7744642
0
LINE
8
layer1
10
3.971372
20
22.7744642
11
4.062894
21
22.9250848
0
LINE
8
layer1
10
4.062894
20
22.9250848
11
4.1627875
21
23.0819739
0
LINE
8
layer1
10
4.1627875
20
23.0819739
11
4.2703124
21
23.2433456
0
LINE
8
layer1
10
4.2703124
20
23.2433456
11
4.3883017
21
23.4126261
0
LINE
8
layer1
10
4.3883017
20
23.4126261
11
4.5053015
21
23.5733353
0
ARC
8
layer1
10
0
20
-0.0000026
40
24
50
77.3415498
51
79.1801919
0
LINE
8
layer1
10
5.259329
20
23.4166465
11
5.3026158
21
23.2226295
0
LINE
8
layer1
10
5.3026158
20
23.2226295
11
5.3433954
21
23.0203564
0
LINE
8
layer1
10
5.3433954
20
23.0203564
11
5.3777279
21
22.8295064
0
LINE
8
layer1
10
5.3777279
20
22.8295064
11
5.4068465
21
22.6458083
0
LINE
8
layer1
10
5.4068465
20
22.6458083
11
5.430784
21
22.4711949
0
LINE
8
layer1
10
5.430784
20
22.4711949
11
5.4501933
21
22.3034374
0
LINE
8
layer1
10
5.4501933
20
22.3034374
11
5.4648651
21
22.1482752
0
LINE
8
layer1
10
5.4648651
20
22.1482752
11
5.4829868
21
21.8627998
0
LINE
8
layer1
10
5.4829868
20
21.8627998
11
5.488372
21
21.6130765
0
LINE
8
layer1
10
5.488372
20
21.6130765
11
5.4855058
21
21.4084413
0
LINE
8
layer1
10
5.4855058
20
21.4084413
11
5.4890387
21
21.3550378
0
LINE
8
layer1
10
5.4890387
20
21.3550378
11
5.497021
21
21.3112505
0
LINE
8
layer1
10
5.497021
20
21.3112505
11
5.5090468
21
21.2772242
0
LINE
8
layer1
10
5.5090468
20
21.2772242
11
5.5247031
21
21.2531161
0
LINE
8
layer1
10
5.5247031
20
21.2531161
11
5.5435813
21
21.2390617
0
LINE
8
layer1
10
5.5435813
20
21.2390617
11
5.6460078
21
21.2115159
0
LINE
8
layer1
10
5.6460078
20
21.2115159
11
5.9220391
21
21.1360345
0
LINE
8
layer1
10
5.9220391
20
21.1360345
11
6.1971046
21
21.0571058
0
LINE
8
layer1
10
6.1971046
20
21.0571058
11
6.2989321
21
21.0274223
0
LINE
8
layer1
10
6.2989321
20
21.0274223
11
6.3223645
21
21.0296219
0
LINE
8
layer1
10
6.3223645
20
21.0296219
11
6.3482677
21
21.0420855
0
LINE
8
layer1
10
6.3482677
20
21.0420855
11
6.3762223
21
21.0649098
0
LINE
8
layer1
10
6.3762223
20
21.0649098
11
6.4057937
21
21.0981751
0
LINE
8
layer1
10
6.4057937
20
21.0981751
11
6.4365599
21
21.1419685
0
LINE
8
layer1
10
6.4365599
20
21.1419685
11
6.5404361
21
21.3183019
0
LINE
8
layer1
10
6.5404361
20
21.3183019
11
6.6747895
21
21.5288723
0
LINE
8
layer1
10
6.6747895
20
21.5288723
11
6.8386015
21
21.7633723
0
LINE
8
layer1
10
6.8386015
20
21.7633723
11
6.9317571
21
21.8883227
0
LINE
8
layer1
10
6.9317571
20
21.8883227
11
7.0355049
21
22.0215732
0
LINE
8
layer1
10
7.0355049
20
22.0215732
11
7.146684
21
22.1583287
0
LINE
8
layer1
10
7.146684
20
22.1583287
11
7.2670101
21
22.3001544
0
LINE
8
layer1
10
7.2670101
20
22.3001544
11
7.395507
21
22.4453817
0
LINE
8
layer1
10
7.395507
20
22.4453817
11
7.5354477
21
22.5970193
0
LINE
8
layer1
10
7.5354477
20
22.5970193
11
7.673241
21
22.7403001
0
ARC
8
layer1
10
-3e-7
20
-0.0000026
40
24
50
69.5154627
51
71.354105
0
LINE
8
layer1
10
8.3989096
20
22.4823974
11
8.4153746
21
22.2842932
0
LINE
8
layer1
10
8.4153746
20
22.2842932
11
8.4282316
21
22.0783513
0
LINE
8
layer1
10
8.4282316
20
22.0783513
11
8.4362568
21
21.884604
0
LINE
8
layer1
10
8.4362568
20
21.884604
11
8.4400907
21
21.6986518
0
LINE
8
layer1
10
8.4400907
20
21.6986518
11
8.4400287
21
21.5224053
0
LINE
8
layer1
10
8.4400287
20
21.5224053
11
8.4364143
21
21.3535674
0
LINE
8
layer1
10
8.4364143
20
21.3535674
11
8.4298215
21
21.1978525
0
LINE
8
layer1
10
8.4298215
20
21.1978525
11
8.4089022
21
20.9125685
0
LINE
8
layer1
10
8.4089022
20
20.9125685
11
8.3802332
21
20.6644379
0
LINE
8
layer1
10
8.3802332
20
20.6644379
11
8.3495292
21
20.462099
0
LINE
8
layer1
10
8.3495292
20
20.462099
11
8.3457574
21
20.4087118
0
LINE
8
layer1
10
8.3457574
20
20.4087118
11
8.347703
21
20.3642454
0
LINE
8
layer1
10
8.347703
20
20.3642454
11
8.3549835
21
20.3288985
0
LINE
8
layer1
10
8.3549835
20
20.3288985
11
8.3672113
21
20.3028832
0
LINE
8
layer1
10
8.3672113
20
20.3028832
11
8.3839999
21
20.286389
0
LINE
8
layer1
10
8.3839999
20
20.286389
11
8.4817216
21
20.2451527
0
LINE
8
layer1
10
8.4817216
20
20.2451527
11
8.7449039
21
20.1327881
0
LINE
8
layer1
10
8.7449039
20
20.1327881
11
9.00666
21
20.0171398
0
LINE
8
layer1
10
9.00666
20
20.0171398
11
9.1034972
21
19.9738673
0
LINE
8
layer1
10
9.1034972
20
19.9738673
11
9.1270108
21
19.9728557
0
LINE
8
layer1
10
9.1270108
20
19.9728557
11
9.1543699
21
19.981676
0
LINE
8
layer1
10
9.1543699
20
19.981676
11
9.185172
21
20.0004813
0
LINE
8
layer1
10
9.185172
20
20.0004813
11
9.2189976
21
20.0294101
0
LINE
8
layer1
10
9.2189976
20
20.0294101
11
9.2554405
21
20.0686062
0
LINE
8
layer1
10
9.2554405
20
20.0686062
11
9.3823599
21
20.2291528
0
LINE
8
layer1
10
9.3823599
20
20.2291528
11
9.5441346
21
20.4194675
0
LINE
8
layer1
10
9.5441346
20
20.4194675
11
9.7383518
21
20.6294776
0
LINE
8
layer1
10
9.7383518
20
20.6294776
11
9.8476539
21
20.7405795
0
LINE
8
layer1
10
9.8476539
20
20.7405795
11
9.9685797
21
20.8584619
0
LINE
8
layer1
10
9.9685797
20
20.8584619
11
10.0973447
21
20.9788048
0
LINE
8
layer1
10
10.0973447
20
20.9788048
11
10.2358621
21
21.1029251
0
LINE
8
layer1
10
10.2358621
20
21.1029251
11
10.3829372
21
21.2293028
0
LINE
8
layer1
10
10.3829372
20
21.2293028
11
10.5422225
21
21.3604728
0
LINE
8
layer1
10
10.5422225
20
21.3604728
11
10.6982424
21
21.4836562
0
ARC
8
layer1
10
-0.0000023
20
-0.0000018
40
24
50
61.6893717
51
63.5280139
0
LINE
8
layer1
10
11.3820344
20
21.1293438
11
11.3713709
21
20.9308427
0
LINE
8
layer1
10
11.3713709
20
20.9308427
11
11.3560657
21
20.7250683
0
LINE
8
layer1
10
11.3560657
20
20.7250683
11
11.3376342
21
20.5320328
0
LINE
8
layer1
10
11.3376342
20
20.5320328
11
11.3161119
21
20.3472906
0
LINE
8
layer1
10
11.3161119
20
20.3472906
11
11.2920516
21
20.172694
0
LINE
8
layer1
10
11.2920516
20
20.172694
11
11.2654808
21
20.0059209
0
LINE
8
layer1
10
11.2654808
20
20.0059209
11
11.2377462
21
19.8525541
0
LINE
8
layer1
10
11.2377462
20
19.8525541
11
11.1781756
21
19.5727757
0
LINE
8
layer1
10
11.1781756
20
19.5727757
11
11.1159865
21
19.3308599
0
LINE
8
layer1
10
11.1159865
20
19.3308599
11
11.0580167
21
19.1345865
0
LINE
8
layer1
10
11.0580167
20
19.1345865
11
11.0470105
21
19.0822102
0
LINE
8
layer1
10
11.0470105
20
19.0822102
11
11.0428831
21
19.037893
0
LINE
8
layer1
10
11.0428831
20
19.037893
11
11.0452828
21
19.0018839
0
LINE
8
layer1
10
11.0452828
20
19.0018839
11
11.0538542
21
18.9744459
0
LINE
8
layer1
10
11.0538542
20
18.9744459
11
11.0682405
21
18.9558193
0
LINE
8
layer1
10
11.0682405
20
18.9558193
11
11.159437
21
18.9016607
0
LINE
8
layer1
10
11.159437
20
18.9016607
11
11.4048677
21
18.7545059
0
LINE
8
layer1
10
11.4048677
20
18.7545059
11
11.6484383
21
18.6042924
0
LINE
8
layer1
10
11.6484383
20
18.6042924
11
11.7384813
21
18.5482369
0
LINE
8
layer1
10
11.7384813
20
18.5482369
11
11.7616382
21
18.5440329
0
LINE
8
layer1
10
11.7616382
20
18.5440329
11
11.7899434
21
18.5490457
0
LINE
8
layer1
10
11.7899434
20
18.5490457
11
11.8230193
21
18.5634816
0
LINE
8
layer1
10
11.8230193
20
18.5634816
11
11.860469
21
18.5875351
0
LINE
8
layer1
10
11.860469
20
18.5875351
11
11.9019097
21
18.6214038
0
LINE
8
layer1
10
11.9019097
20
18.6214038
11
12.049508
21
18.7631729
0
LINE
8
layer1
10
12.049508
20
18.7631729
11
12.2356905
21
18.9296867
0
LINE
8
layer1
10
12.2356905
20
18.9296867
11
12.4566951
21
19.1112948
0
LINE
8
layer1
10
12.4566951
20
19.1112948
11
12.5801076
21
19.2064786
0
LINE
8
layer1
10
12.5801076
20
19.2064786
11
12.7159587
21
19.306797
0
LINE
8
layer1
10
12.7159587
20
19.306797
11
12.8599111
21
19.4084855
0
LINE
8
layer1
10
12.8599111
20
19.4084855
11
13.0140393
21
19.5125883
0
LINE
8
layer1
10
13.0140393
20
19.5125883
11
13.176953
21
19.6177622
0
LINE
8
layer1
10
13.176953
20
19.6177622
11
13.3526157
21
19.7260211
0
LINE
8
layer1
10
13.3526157
20
19.7260211
11
13.5239559
21
19.8268125
0
ARC
8
layer1
10
-5e-7
20
-0.0000028
40
24
50
53.8632906
51
55.7019327
0
LINE
8
layer1
10
14.1531335
20
19.3826904
11
14.1155401
21
19.1874903
0
LINE
8
layer1
10
14.1155401
20
19.1874903
11
14.0723578
21
18.9857165
0
LINE
8
layer1
10
14.0723578
20
18.9857165
11
14.027813
21
18.7969887
0
LINE
8
layer1
10
14.027813
20
18.7969887
11
13.9813354
21
18.6168977
0
LINE
8
layer1
10
13.9813354
20
18.6168977
11
13.933725
21
18.4472036
0
LINE
8
layer1
10
13.933725
20
18.4472036
11
13.8846927
21
18.2856019
0
LINE
8
layer1
10
13.8846927
20
18.2856019
11
13.836333
21
18.13744
0
LINE
8
layer1
10
13.836333
20
18.13744
11
13.7392207
21
17.8683791
0
LINE
8
layer1
10
13.7392207
20
17.8683791
11
13.64467
21
17.6371846
0
LINE
8
layer1
10
13.64467
20
17.6371846
11
13.5605143
21
17.4506329
0
LINE
8
layer1
10
13.5605143
20
17.4506329
11
13.5424787
21
17.400243
0
LINE
8
layer1
10
13.5424787
20
17.400243
11
13.5323552
21
17.3569006
0
LINE
8
layer1
10
13.5323552
20
17.3569006
11
13.5298293
21
17.3209002
0
LINE
8
layer1
10
13.5298293
20
17.3209002
11
13.5345847
21
17.2925506
0
LINE
8
layer1
10
13.5345847
20
17.2925506
11
13.5463007
21
17.2721386
0
LINE
8
layer1
10
13.5463007
20
17.2721386
11
13.6292732
21
17.2060664
0
LINE
8
layer1
10
13.6292732
20
17.2060664
11
13.8523804
21
17.0268628
0
LINE
8
layer1
10
13.8523804
20
17.0268628
11
14.0732283
21
16.8448822
0
LINE
8
layer1
10
14.0732283
20
16.8448822
11
14.1547997
21
16.777088
0
LINE
8
layer1
10
14.1547997
20
16.777088
11
14.1771685
21
16.76977
0
LINE
8
layer1
10
14.1771685
20
16.76977
11
14.2058927
21
16.7708818
0
LINE
8
layer1
10
14.2058927
20
16.7708818
11
14.2406262
21
16.7806794
0
LINE
8
layer1
10
14.2406262
20
16.7806794
11
14.2810024
21
16.7994094
0
LINE
8
layer1
10
14.2810024
20
16.7994094
11
14.3266688
21
16.8273199
0
LINE
8
layer1
10
14.3266688
20
16.8273199
11
14.4921967
21
16.9476706
0
LINE
8
layer1
10
14.4921967
20
16.9476706
11
14.6993186
21
17.0872816
0
LINE
8
layer1
10
14.6993186
20
17.0872816
11
14.9429938
21
17.2371047
0
LINE
8
layer1
10
14.9429938
20
17.2371047
11
15.0782176
21
17.3145973
0
LINE
8
layer1
10
15.0782176
20
17.3145973
11
15.2264634
21
17.3954829
0
LINE
8
layer1
10
15.2264634
20
17.3954829
11
15.3829216
21
17.4766228
0
LINE
8
layer1
10
15.3829216
20
17.4766228
11
15.5497896
21
17.5587689
0
LINE
8
layer1
10
15.5497896
20
17.5587689
11
15.7255071
21
17.6407798
0
LINE
8
layer1
10
15.7255071
20
17.6407798
11
15.9142749
21
17.7241109
0
LINE
8
layer1
10
15.9142749
20
17.7241109
11
16.0977437
21
17.8006327
0
ARC
8
layer1
10
-0.0000021
20
-0.0000016
40
24
50
46.0371994
51
47.8758417
0
LINE
8
layer1
10
16.6605865
20
17.2749743
11
16.5967634
21
17.0867112
0
LINE
8
layer1
10
16.5967634
20
17.0867112
11
16.5265085
21
16.8926967
0
LINE
8
layer1
10
16.5265085
20
16.8926967
11
16.4566802
21
16.7117922
0
LINE
8
layer1
10
16.4566802
20
16.7117922
11
16.3861131
21
16.5397074
0
LINE
8
layer1
10
16.3861131
20
16.5397074
11
16.3158394
21
16.3780767
0
LINE
8
layer1
10
16.3158394
20
16.3780767
11
16.2452591
21
16.2246567
0
LINE
8
layer1
10
16.2452591
20
16.2246567
11
16.1771751
21
16.0844598
0
LINE
8
layer1
10
16.1771751
20
16.0844598
11
16.0443302
21
15.8311284
0
LINE
8
layer1
10
16.0443302
20
15.8311284
11
15.9191792
21
15.6149619
0
LINE
8
layer1
10
15.9191792
20
15.6149619
11
15.8104051
21
15.4416069
0
LINE
8
layer1
10
15.8104051
20
15.4416069
11
15.7856761
21
15.3941423
0
LINE
8
layer1
10
15.7856761
20
15.3941423
11
15.7697451
21
15.352582
0
LINE
8
layer1
10
15.7697451
20
15.352582
11
15.7623406
21
15.3172609
0
LINE
8
layer1
10
15.7623406
20
15.3172609
11
15.7631916
21
15.2885278
0
LINE
8
layer1
10
15.7631916
20
15.2885278
11
15.772019
21
15.2667106
0
LINE
8
layer1
10
15.772019
20
15.2667106
11
15.8452218
21
15.1899557
0
LINE
8
layer1
10
15.8452218
20
15.1899557
11
16.0418494
21
14.9820415
0
LINE
8
layer1
10
16.0418494
20
14.9820415
11
16.2358606
21
14.7716837
0
LINE
8
layer1
10
16.2358606
20
14.7716837
11
16.307441
21
14.6934136
0
LINE
8
layer1
10
16.307441
20
14.6934136
11
16.3286049
21
14.6831179
0
LINE
8
layer1
10
16.3286049
20
14.6831179
11
16.357213
21
14.6803081
0
LINE
8
layer1
10
16.357213
20
14.6803081
11
16.3929571
21
14.6852849
0
LINE
8
layer1
10
16.3929571
20
14.6852849
11
16.4355076
21
14.6983426
0
LINE
8
layer1
10
16.4355076
20
14.6983426
11
16.4845492
21
14.7197749
0
LINE
8
layer1
10
16.4845492
20
14.7197749
11
16.6649231
21
14.8164652
0
LINE
8
layer1
10
16.6649231
20
14.8164652
11
16.8891262
21
14.9265728
0
LINE
8
layer1
10
16.8891262
20
14.9265728
11
17.1509327
21
15.04182
0
LINE
8
layer1
10
17.1509327
20
15.04182
11
17.295449
21
15.1001779
0
LINE
8
layer1
10
17.295449
20
15.1001779
11
17.4533279
21
15.160124
0
LINE
8
layer1
10
17.4533279
20
15.160124
11
17.6193774
21
15.2192037
0
LINE
8
layer1
10
17.6193774
20
15.2192037
11
17.7958767
21
15.2778628
0
LINE
8
layer1
10
17.7958767
20
15.2778628
11
17.9811248
21
15.335183
0
LINE
8
layer1
10
17.9811248
20
15.335183
11
18.1794813
21
15.3920341
0
LINE
8
layer1
10
18.1794813
20
15.3920341
11
18.3716609
21
15.4428609
0
ARC
8
layer1
10
-0.0000022
20
-0.0000014
40
24
50
38.211113
51
40.0497553
0
LINE
8
layer1
10
18.8576842
20
14.845458
11
18.7688205
21
14.667639
0
LINE
8
layer1
10
18.7688205
20
14.667639
11
18.6728016
21
14.484998
0
LINE
8
layer1
10
18.6728016
20
14.484998
11
18.5789905
21
14.3152867
0
LINE
8
layer1
10
18.5789905
20
14.3152867
11
18.4856485
21
14.1544135
0
LINE
8
layer1
10
18.4856485
20
14.1544135
11
18.3940207
21
14.0038572
0
LINE
8
layer1
10
18.3940207
20
14.0038572
11
18.303207
21
13.8614769
0
LINE
8
layer1
10
18.303207
20
13.8614769
11
18.216667
21
13.7318566
0
LINE
8
layer1
10
18.216667
20
13.7318566
11
18.0505642
21
13.4989738
0
LINE
8
layer1
10
18.0505642
20
13.4989738
11
17.8971441
21
13.3018621
0
LINE
8
layer1
10
17.8971441
20
13.3018621
11
17.765778
21
13.1449331
0
LINE
8
layer1
10
17.765778
20
13.1449331
11
17.7348162
21
13.1012778
0
LINE
8
layer1
10
17.7348162
20
13.1012778
11
17.7133745
21
13.0622739
0
LINE
8
layer1
10
17.7133745
20
13.0622739
11
17.7012294
21
13.02829
0
LINE
8
layer1
10
17.7012294
20
13.02829
11
17.6981599
21
12.9997086
0
LINE
8
layer1
10
17.6981599
20
12.9997086
11
17.7039344
21
12.9768926
0
LINE
8
layer1
10
17.7039344
20
12.9768926
11
17.7660039
21
12.8908849
0
LINE
8
layer1
10
17.7660039
20
12.8908849
11
17.9324892
21
12.6581331
0
LINE
8
layer1
10
17.9324892
20
12.6581331
11
18.0960496
21
12.4233167
0
LINE
8
layer1
10
18.0960496
20
12.4233167
11
18.1563055
21
12.3360288
0
LINE
8
layer1
10
18.1563055
20
12.3360288
11
18.1758704
21
12.3229471
0
LINE
8
layer1
10
18.1758704
20
12.3229471
11
18.2038294
21
12.3162681
0
LINE
8
layer1
10
18.2038294
20
12.3162681
11
18.2399182
21
12.3163314
0
LINE
8
layer1
10
18.2399182
20
12.3163314
11
18.2838505
21
12.3234734
0
LINE
8
layer1
10
18.2838505
20
12.3234734
11
18.3353536
21
12.3380283
0
LINE
8
layer1
10
18.3353536
20
12.3380283
11
18.5272135
21
12.4092571
0
LINE
8
layer1
10
18.5272135
20
12.4092571
11
18.7643214
21
12.4878101
0
LINE
8
layer1
10
18.7643214
20
12.4878101
11
19.0393822
21
12.5663347
0
LINE
8
layer1
10
19.0393822
20
12.5663347
11
19.1904988
21
12.6044707
0
LINE
8
layer1
10
19.1904988
20
12.6044707
11
19.35507
21
12.6423606
0
LINE
8
layer1
10
19.35507
20
12.6423606
11
19.5276175
21
12.6782797
0
LINE
8
layer1
10
19.5276175
20
12.6782797
11
19.7104603
21
12.7123591
0
LINE
8
layer1
10
19.7104603
20
12.7123591
11
19.9017881
21
12.7439207
0
LINE
8
layer1
10
19.9017881
20
12.7439207
11
20.1060383
21
12.7732328
0
LINE
8
layer1
10
20.1060383
20
12.7732328
11
20.3033489
21
12.7974177
0
ARC
8
layer1
10
-0.0000021
20
-0.0000014
40
24
50
30.3850269
51
32.2236692
0
LINE
8
layer1
10
20.703499
20
12.1393989
11
20.5912499
21
11.9753364
0
LINE
8
layer1
10
20.5912499
20
11.9753364
11
20.4712557
21
11.8074711
0
LINE
8
layer1
10
20.4712557
20
11.8074711
11
20.3552094
21
11.6521144
0
LINE
8
layer1
10
20.3552094
20
11.6521144
11
20.2408312
21
11.5054498
0
LINE
8
layer1
10
20.2408312
20
11.5054498
11
20.1295561
21
11.3687724
0
LINE
8
layer1
10
20.1295561
20
11.3687724
11
20.0202008
21
11.240084
0
LINE
8
layer1
10
20.0202008
20
11.240084
11
19.9168169
21
11.1234548
0
LINE
8
layer1
10
19.9168169
20
11.1234548
11
19.7205502
21
10.9153588
0
LINE
8
layer1
10
19.7205502
20
10.9153588
11
19.5417191
21
10.7409737
0
LINE
8
layer1
10
19.5417191
20
10.7409737
11
19.3902081
21
10.603394
0
LINE
8
layer1
10
19.3902081
20
10.603394
11
19.3535903
21
10.5643613
0
LINE
8
layer1
10
19.3535903
20
10.5643613
11
19.3270372
21
10.5286403
0
LINE
8
layer1
10
19.3270372
20
10.5286403
11
19.3103778
21
10.4966267
0
LINE
8
layer1
10
19.3103778
20
10.4966267
11
19.3034451
21
10.4687295
0
LINE
8
layer1
10
19.3034451
20
10.4687295
11
19.306059
21
10.4453397
0
LINE
8
layer1
10
19.306059
20
10.4453397
11
19.355839
21
10.3516813
0
LINE
8
layer1
10
19.355839
20
10.3516813
11
19.4890805
21
10.0984276
0
LINE
8
layer1
10
19.4890805
20
10.0984276
11
19.6191434
21
9.8435268
0
LINE
8
layer1
10
19.6191434
20
9.8435268
11
19.6669524
21
9.748847
0
LINE
8
layer1
10
19.6669524
20
9.748847
11
19.6845538
21
9.7332232
0
LINE
8
layer1
10
19.6845538
20
9.7332232
11
19.7113429
21
9.7227992
0
LINE
8
layer1
10
19.7113429
20
9.7227992
11
19.7471042
21
9.7179479
0
LINE
8
layer1
10
19.7471042
20
9.7179479
11
19.7915998
21
9.7190413
0
LINE
8
layer1
10
19.7915998
20
9.7190413
11
19.8446051
21
9.7264475
0
LINE
8
layer1
10
19.8446051
20
9.7264475
11
20.044377
21
9.770888
0
LINE
8
layer1
10
20.044377
20
9.770888
11
20.2899727
21
9.8164232
0
LINE
8
layer1
10
20.2899727
20
9.8164232
11
20.5731641
21
9.8567623
0
LINE
8
layer1
10
20.5731641
20
9.8567623
11
20.728066
21
9.873966
0
LINE
8
layer1
10
20.728066
20
9.873966
11
20.8962637
21
9.8890939
0
LINE
8
layer1
10
20.8962637
20
9.8890939
11
21.0720951
21
9.9011832
0
LINE
8
layer1
10
21.0720951
20
9.9011832
11
21.2578754
21
9.9100481
0
LINE
8
layer1
10
21.2578754
20
9.9100481
11
21.4517187
21
9.9152634
0
LINE
8
layer1
10
21.4517187
20
9.9152634
11
21.6580579
21
9.9164904
0
LINE
8
layer1
10
21.6580579
20
9.9164904
11
21.8568239
21
9.9135829
0
ARC
8
layer1
10
-0.000002
20
-0.0000017
40
24
50
22.5589415
51
24.3975838
0
LINE
8
layer1
10
22.1636468
20
9.2072058
11
22.0301033
21
9.059956
0
LINE
8
layer1
10
22.0301033
20
9.059956
11
21.8883691
21
8.9099934
0
LINE
8
layer1
10
21.8883691
20
8.9099934
11
21.7522492
21
8.7718854
0
LINE
8
layer1
10
21.7522492
20
8.7718854
11
21.6189655
21
8.6421612
0
LINE
8
layer1
10
21.6189655
20
8.6421612
11
21.4901159
21
8.5219089
0
LINE
8
layer1
10
21.4901159
20
8.5219089
11
21.3642561
21
8.4093096
0
LINE
8
layer1
10
21.3642561
20
8.4093096
11
21.2459542
21
8.3078442
0
LINE
8
layer1
10
21.2459542
20
8.3078442
11
21.0231798
21
8.1284113
0
LINE
8
layer1
10
21.0231798
20
8.1284113
11
20.8222689
21
7.9800012
0
LINE
8
layer1
10
20.8222689
20
7.9800012
11
20.6534353
21
7.8643338
0
LINE
8
layer1
10
20.6534353
20
7.8643338
11
20.6118436
21
7.8306507
0
LINE
8
layer1
10
20.6118436
20
7.8306507
11
20.5806739
21
7.7988781
0
LINE
8
layer1
10
20.5806739
20
7.7988781
11
20.5598104
21
7.7694311
0
LINE
8
layer1
10
20.5598104
20
7.7694311
11
20.5491436
21
7.7427378
0
LINE
8
layer1
10
20.5491436
20
7.7427378
11
20.5485482
21
7.7192099
0
LINE
8
layer1
10
20.5485482
20
7.7192099
11
20.5851114
21
7.6196454
0
LINE
8
layer1
10
20.5851114
20
7.6196454
11
20.6826272
21
7.3506075
0
LINE
8
layer1
10
20.6826272
20
7.3506075
11
20.7767697
21
7.0803707
0
LINE
8
layer1
10
20.7767697
20
7.0803707
11
20.8112412
21
6.9800628
0
LINE
8
layer1
10
20.8112412
20
6.9800628
11
20.8265512
21
6.9621877
0
LINE
8
layer1
10
20.8265512
20
6.9621877
11
20.8516714
21
6.948213
0
LINE
8
layer1
10
20.8516714
20
6.948213
11
20.886439
21
6.9385374
0
LINE
8
layer1
10
20.886439
20
6.9385374
11
20.930669
21
6.9335618
0
LINE
8
layer1
10
20.930669
20
6.9335618
11
20.9841892
21
6.9336815
0
LINE
8
layer1
10
20.9841892
20
6.9336815
11
21.1881517
21
6.9505058
0
LINE
8
layer1
10
21.1881517
20
6.9505058
11
21.4376603
21
6.9621749
0
LINE
8
layer1
10
21.4376603
20
6.9621749
11
21.7237068
21
6.963577
0
LINE
8
layer1
10
21.7237068
20
6.963577
11
21.8795086
21
6.9595281
0
LINE
8
layer1
10
21.8795086
20
6.9595281
11
22.0481995
21
6.9516122
0
LINE
8
layer1
10
22.0481995
20
6.9516122
11
22.2240394
21
6.9396465
0
LINE
8
layer1
10
22.2240394
20
6.9396465
11
22.4092964
21
6.9231317
0
LINE
8
layer1
10
22.4092964
20
6.9231317
11
22.6020445
21
6.9019034
0
LINE
8
layer1
10
22.6020445
20
6.9019034
11
22.8066289
21
6.8750225
0
LINE
8
layer1
10
22.8066289
20
6.8750225
11
23.0031476
21
6.8450768
0
ARC
8
layer1
10
-0.0000025
20
-6e-7
40
24
50
14.7328526
51
16.5714949
0
LINE
8
layer1
10
23.2109277
20
6.1034999
11
23.0585776
21
5.9758057
0
LINE
8
layer1
10
23.0585776
20
5.9758057
11
22.8977436
21
5.8465393
0
LINE
8
layer1
10
22.8977436
20
5.8465393
11
22.7440859
21
5.7282527
0
LINE
8
layer1
10
22.7440859
20
5.7282527
11
22.5943795
21
5.6178856
0
LINE
8
layer1
10
22.5943795
20
5.6178856
11
22.4503556
21
5.5162983
0
LINE
8
layer1
10
22.4503556
20
5.5162983
11
22.3103358
21
5.4218857
0
LINE
8
layer1
10
22.3103358
20
5.4218857
11
22.1793195
21
5.3374741
0
LINE
8
layer1
10
22.1793195
20
5.3374741
11
21.9341873
21
5.1900469
0
LINE
8
layer1
10
21.9341873
20
5.1900469
11
21.7149392
21
5.0703765
0
LINE
8
layer1
10
21.7149392
20
5.0703765
11
21.531928
21
4.9787759
0
LINE
8
layer1
10
21.531928
20
4.9787759
11
21.4861372
21
4.95107
0
LINE
8
layer1
10
21.4861372
20
4.95107
11
21.4509314
21
4.9238375
0
LINE
8
layer1
10
21.4509314
20
4.9238375
11
21.4262526
21
4.8975057
0
LINE
8
layer1
10
21.4262526
20
4.8975057
11
21.4120504
21
4.8725135
0
LINE
8
layer1
10
21.4120504
20
4.8725135
11
21.4082569
21
4.8492858
0
LINE
8
layer1
10
21.4082569
20
4.8492858
11
21.4309222
21
4.74567
0
LINE
8
layer1
10
21.4309222
20
4.74567
11
21.4908957
21
4.4658595
0
LINE
8
layer1
10
21.4908957
20
4.4658595
11
21.5473641
21
4.1853206
0
LINE
8
layer1
10
21.5473641
20
4.1853206
11
21.5678559
21
4.0812531
0
LINE
8
layer1
10
21.5678559
20
4.0812531
11
21.5805893
21
4.0614598
0
LINE
8
layer1
10
21.5805893
20
4.0614598
11
21.6035727
21
4.0441948
0
LINE
8
layer1
10
21.6035727
20
4.0441948
11
21.636699
21
4.029875
0
LINE
8
layer1
10
21.636699
20
4.029875
11
21.6798395
21
4.0189232
0
LINE
8
layer1
10
21.6798395
20
4.0189232
11
21.7328775
21
4.0117541
0
LINE
8
layer1
10
21.7328775
20
4.0117541
11
21.9372311
21
4.0006488
0
LINE
8
layer1
10
21.9372311
20
4.0006488
11
22.1860048
21
3.9782345
0
LINE
8
layer1
10
22.1860048
20
3.9782345
11
22.469578
21
3.9406735
0
LINE
8
layer1
10
22.469578
20
3.9406735
11
22.6233773
21
3.9154473
0
LINE
8
layer1
10
22.6233773
20
3.9154473
11
22.7894191
21
3.884635
0
LINE
8
layer1
10
22.7894191
20
3.884635
11
22.9619919
21
3.8488373
0
LINE
8
layer1
10
22.9619919
20
3.8488373
11
23.1432747
21
3.8072505
0
LINE
8
layer1
10
23.1432747
20
3.8072505
11
23.3313369
21
3.7599741
0
LINE
8
layer1
10
23.3313369
20
3.7599741
11
23.5303555
21
3.7054859
0
LINE
8
layer1
10
23.5303555
20
3.7054859
11
23.7209662
21
3.6490598
0
ARC
8
layer1
10
-0.0000025
20
-9e-7
40
24
50
6.9067672
51
8.7454093
0
LINE
8
layer1
10
23.825833
20
2.8860973
11
23.6575142
21
2.7803375
0
ENDSEC
0
EOF